Hours Studied,Attendance (%),Previous Exam Score,Assignment Score,Sleep Hours,Internet Access,Family Income,Parent Education,Study Time,Extra Activities,Gender,Age,Final Exam Score
4.4,59.3,56.8,97.5,7.4,Yes,Medium,High School,6.8,No,Female,17,61.8
9.6,77.1,57.6,79.7,10.0,Yes,Low,High School,26.7,No,Female,15,64.0
7.6,93.6,66.6,64.6,4.8,Yes,Medium,High School,17.6,No,Female,20,63.4
6.4,86.6,75.5,81.4,7.0,Yes,Low,High School,18.3,Yes,Male,20,75.8
2.4,90.3,83.7,43.4,7.8,Yes,Medium,High School,8.1,No,Female,21,58.5
2.4,82.9,58.0,75.0,7.1,Yes,Medium,Master,3.4,Yes,Female,16,57.5
1.5,84.6,92.4,78.9,6.9,Yes,High,Master,1.6,Yes,Female,16,77.7
8.8,,65.9,86.1,5.4,Yes,Low,Bachelor,27.1,Yes,Female,22,67.5
6.4,62.5,69.7,62.8,7.3,Yes,Medium,Bachelor,19.5,Yes,Male,15,58.7
7.4,74.5,58.8,76.0,6.1,Yes,Medium,High School,18.4,Yes,Female,15,71.1
1.2,61.1,33.6,63.9,4.4,Yes,Medium,Master,3.5,Yes,Female,17,40.8
,99.4,83.3,78.1,8.4,Yes,Medium,High School,23.0,Yes,Male,15,80.1
8.5,97.2,81.1,64.3,8.2,Yes,Medium,Master,22.1,No,Female,22,70.2
2.9,52.0,65.8,70.1,7.1,No,High,Bachelor,5.8,Yes,Male,21,57.1
2.6,85.3,71.0,63.1,7.3,Yes,High,High School,2.4,No,Male,17,60.5
2.7,96.3,77.7,82.8,8.3,Yes,High,Master,4.1,Yes,Female,19,65.6
3.7,59.0,46.6,85.3,7.3,No,High,High School,9.3,No,Male,16,52.3
5.7,78.4,62.1,72.2,8.1,Yes,Medium,Bachelor,12.0,No,Male,16,61.2
4.9,95.8,81.9,75.5,6.6,Yes,High,Bachelor,12.1,No,Female,20,71.9
3.6,51.7,51.2,57.6,8.6,Yes,Medium,High School,6.9,No,Male,20,43.6
6.5,84.9,74.4,71.4,7.4,No,Medium,Bachelor,14.7,Yes,Male,22,72.6
2.3,64.9,49.7,74.4,7.2,No,Medium,Bachelor,7.5,No,Male,21,52.7
3.6,96.2,77.0,100.0,5.5,Yes,Medium,Bachelor,9.5,No,Male,16,69.9
4.3,98.6,69.5,61.7,7.3,Yes,Low,High School,10.7,No,Female,22,58.9
5.1,97.2,45.8,92.6,6.0,Yes,High,Master,14.5,No,Female,21,62.9
8.1,73.7,87.5,87.0,6.2,No,Medium,High School,21.2,Yes,Female,19,73.3
2.8,93.1,59.0,78.4,6.0,No,Low,High School,9.9,No,Female,19,52.8
5.6,92.2,57.8,96.1,5.7,Yes,Medium,High School,13.1,Yes,Male,18,66.1
6.3,66.0,73.0,79.5,9.5,Yes,Low,High School,14.9,No,Female,17,73.4
1.4,91.4,87.2,79.7,8.6,Yes,Low,High School,1.0,Yes,Female,20,70.0
6.5,51.9,54.8,74.4,9.3,Yes,Low,Doctorate,15.4,No,Female,17,64.3
,79.8,70.9,89.7,5.5,Yes,Medium,High School,8.2,Yes,Female,20,64.7
1.6,61.5,76.4,88.2,7.1,Yes,Medium,High School,6.6,Yes,Female,18,57.7
9.5,56.0,80.4,67.5,5.4,Yes,Medium,High School,25.7,No,Female,16,70.0
9.7,53.8,72.6,59.2,6.2,Yes,Medium,Bachelor,20.7,No,Male,22,70.6
8.3,84.8,64.5,72.6,5.9,No,Medium,Master,22.9,No,Female,21,61.7
3.7,67.0,57.6,65.4,8.5,Yes,Medium,High School,5.6,Yes,Male,17,57.5
1.9,86.2,71.3,74.2,6.5,Yes,Medium,High School,6.5,Yes,Male,20,68.9
7.2,53.3,53.9,89.8,8.3,Yes,Medium,High School,17.3,No,Male,17,67.8
5.0,65.8,30.0,69.5,7.7,No,Low,High School,13.9,No,Male,16,50.0
2.1,77.0,76.5,74.5,9.8,Yes,Low,High School,2.6,No,Male,21,61.5
,89.5,83.6,75.7,5.2,Yes,Medium,Bachelor,16.1,No,Male,15,74.1
1.3,65.9,34.6,85.2,8.5,Yes,Medium,High School,1.0,No,Female,20,43.5
9.2,81.3,54.9,48.0,8.4,Yes,Low,Bachelor,21.7,Yes,Female,22,63.9
3.3,94.3,79.3,67.7,5.8,Yes,Low,High School,6.3,No,Female,15,64.4
7.0,80.8,100.0,77.5,8.2,Yes,,Master,14.0,No,Male,18,82.7
3.8,61.6,70.3,89.4,7.4,No,High,Master,9.7,Yes,Female,21,70.5
5.7,51.2,59.1,69.1,6.7,Yes,Medium,Bachelor,17.9,No,Female,19,55.1
5.9,,67.3,52.5,6.0,Yes,Medium,High School,20.1,No,Male,17,58.7
2.7,51.1,90.6,82.4,6.1,Yes,Medium,High School,6.9,Yes,Female,20,66.5
9.7,93.7,60.3,67.4,9.5,Yes,High,Bachelor,26.5,Yes,Female,22,68.0
8.0,,58.0,60.7,7.0,Yes,High,Bachelor,20.5,Yes,Male,17,64.5
9.5,97.0,62.8,67.5,7.9,Yes,Low,Bachelor,24.7,No,Female,18,62.3
9.1,89.9,55.7,72.8,6.1,Yes,High,Master,22.1,Yes,Female,18,73.7
6.4,99.9,71.8,67.7,6.1,Yes,Low,Master,16.4,Yes,Male,17,68.2
9.3,67.5,94.4,48.5,8.3,Yes,Low,High School,24.3,No,Male,20,69.5
1.8,88.4,74.8,85.8,5.4,Yes,Medium,Bachelor,3.3,No,Male,22,59.7
2.8,70.1,66.2,90.3,6.5,Yes,Medium,High School,6.8,No,Male,21,59.9
1.4,74.0,65.6,82.8,7.0,No,High,High School,3.4,No,Female,16,58.8
3.9,81.4,46.6,61.3,7.1,Yes,Low,Bachelor,11.4,No,Female,21,52.1
4.5,93.7,83.2,72.6,6.8,Yes,Medium,High School,9.1,No,Male,16,65.1
3.4,99.2,68.8,74.9,7.5,Yes,High,Master,8.4,No,Female,22,61.6
8.5,88.4,67.3,82.2,7.8,Yes,High,High School,25.1,No,Male,19,75.6
4.2,70.9,100.0,83.0,7.9,Yes,Low,Bachelor,12.8,Yes,Male,21,72.1
3.5,71.1,74.5,66.2,5.8,No,Medium,Bachelor,11.4,No,Male,22,58.0
5.9,86.9,58.7,76.0,6.7,Yes,Medium,Bachelor,14.8,Yes,Female,17,64.3
2.3,61.9,63.6,80.5,8.4,Yes,Low,High School,6.4,Yes,Male,17,58.0
8.2,55.5,87.2,92.5,8.1,Yes,High,Master,22.5,Yes,Male,20,84.8
1.7,67.7,71.7,83.5,5.4,Yes,High,Bachelor,7.4,Yes,Male,17,56.0
9.9,64.4,48.4,84.5,7.4,Yes,Low,Bachelor,20.8,No,Female,20,58.0
8.0,64.8,83.8,76.0,4.6,Yes,Low,High School,17.4,No,Female,22,68.0
2.8,61.7,60.0,91.9,7.1,Yes,Low,Bachelor,9.6,No,Male,17,65.5
1.0,52.1,98.1,79.9,9.3,No,High,Master,1.9,No,Male,18,74.7
8.3,50.9,86.2,64.7,5.9,Yes,Low,Bachelor,19.4,No,Female,15,76.2
7.4,99.4,63.3,91.8,6.0,Yes,Medium,Master,16.0,Yes,Female,22,73.0
7.6,71.4,89.2,83.4,7.9,Yes,Medium,Bachelor,17.9,No,Male,17,70.3
7.9,69.2,71.0,69.7,5.1,Yes,Medium,High School,16.9,No,Female,15,56.4
1.7,84.0,82.8,69.2,6.2,Yes,Low,High School,8.4,Yes,Female,16,58.2
4.2,60.9,77.3,78.6,7.7,Yes,Low,High School,10.5,No,Male,19,62.2
2.0,97.5,57.3,80.6,6.2,No,High,Bachelor,4.9,Yes,Female,21,62.7
8.8,89.3,60.3,77.4,6.7,No,High,Master,23.2,Yes,Female,21,73.6
6.6,54.5,85.4,78.7,7.9,No,,High School,18.4,Yes,Female,22,70.8
4.0,70.9,65.0,95.4,7.5,Yes,Low,Bachelor,11.9,Yes,Male,16,61.7
1.6,94.0,63.9,87.9,7.3,Yes,Medium,Bachelor,6.1,No,Male,17,57.0
3.8,97.2,55.7,77.3,6.6,Yes,Medium,Bachelor,8.2,No,Male,21,60.3
3.9,73.4,76.4,86.3,7.4,Yes,Low,High School,9.2,Yes,Male,20,69.0
7.6,80.7,100.0,62.6,6.9,Yes,High,High School,20.5,No,Female,16,78.2
6.7,58.4,54.0,79.8,7.5,Yes,Medium,High School,15.7,No,Female,18,56.2
9.0,99.6,70.4,96.7,6.4,Yes,Low,High School,22.5,Yes,Female,15,80.6
5.2,61.6,91.2,72.4,6.8,Yes,High,High School,13.8,Yes,Female,20,72.4
2.1,97.1,68.8,64.8,5.8,Yes,High,High School,6.8,No,Male,21,53.2
7.4,82.5,76.8,67.2,7.0,Yes,Low,Bachelor,14.9,No,Female,20,65.2
7.8,80.4,54.1,61.9,6.0,Yes,Medium,High School,20.9,No,Female,17,62.0
6.1,75.6,76.4,65.6,5.7,Yes,Medium,Doctorate,14.8,Yes,Male,18,66.8
7.9,61.5,67.2,70.6,7.3,Yes,Medium,High School,21.2,No,Female,15,71.3
5.4,58.8,84.8,58.1,7.3,Yes,Low,High School,15.1,Yes,Male,18,65.3
5.7,61.0,87.8,75.2,7.9,Yes,Medium,High School,17.5,Yes,Female,16,68.7
4.8,59.3,100.0,85.8,6.5,Yes,High,High School,14.7,No,Female,17,75.0
1.2,89.0,78.7,64.1,7.5,Yes,Medium,Master,5.7,Yes,Male,20,61.0
2.0,67.5,74.9,93.2,7.7,Yes,Low,High School,7.9,Yes,Female,20,60.6
1.3,52.9,72.9,81.1,7.5,Yes,Medium,Master,3.8,Yes,Female,16,55.9
6.7,98.5,64.7,87.4,6.0,Yes,Medium,Master,16.8,Yes,Male,20,74.6
3.8,94.2,75.1,67.1,7.2,Yes,,Bachelor,11.2,No,Male,19,67.9
5.6,96.4,65.6,85.3,7.4,Yes,Medium,Bachelor,15.5,No,Male,17,70.7
9.2,99.7,72.5,61.9,7.0,No,Low,Bachelor,22.4,Yes,Female,16,75.7
3.2,58.7,89.8,85.7,4.5,Yes,Low,High School,8.8,Yes,Female,17,64.4
4.7,69.8,54.9,77.1,7.2,Yes,Medium,Bachelor,11.7,Yes,Female,15,65.8
7.8,87.9,,81.6,9.7,Yes,Low,High School,17.8,No,Female,17,73.8
3.1,84.8,89.8,60.9,6.6,Yes,Medium,High School,10.3,Yes,Female,17,60.8
1.7,57.7,68.2,64.3,6.1,Yes,Low,Bachelor,4.4,No,Male,15,44.4
3.6,90.8,38.2,82.2,7.4,Yes,Medium,Bachelor,13.1,Yes,Female,16,53.0
2.5,61.2,60.9,63.6,7.4,No,Medium,Master,3.0,Yes,Male,17,50.1
9.4,61.2,89.5,80.6,8.4,Yes,High,High School,22.4,No,Male,18,81.6
8.3,76.8,69.7,58.6,5.5,Yes,High,Master,20.8,No,Female,17,67.8
6.7,79.6,55.0,85.2,7.9,Yes,Low,High School,19.0,Yes,Male,16,59.5
8.8,79.0,62.4,60.2,7.7,No,Medium,High School,22.8,No,Female,22,60.9
8.2,54.6,82.6,81.6,6.8,Yes,Low,High School,21.1,No,Female,20,70.2
,93.9,78.2,82.5,7.4,Yes,Medium,Bachelor,4.5,No,Male,21,59.4
9.0,63.3,66.4,66.6,8.2,Yes,Medium,High School,20.2,No,Male,15,62.4
5.9,56.5,64.5,82.0,8.0,Yes,High,Bachelor,15.4,No,Female,20,61.9
8.3,94.4,64.1,78.1,5.6,Yes,High,Master,18.0,No,Female,16,77.3
9.1,97.8,56.2,68.5,8.0,Yes,Medium,Bachelor,21.7,Yes,Male,19,69.3
3.9,93.1,94.2,62.9,6.9,Yes,,Bachelor,10.8,No,Male,21,71.7
2.0,90.5,65.2,51.4,7.1,Yes,High,Master,3.0,No,Female,20,48.3
3.1,82.8,88.3,79.2,7.1,No,High,Bachelor,11.0,Yes,Female,17,73.7
4.8,77.5,92.8,56.2,6.8,Yes,Low,Bachelor,14.4,Yes,Male,21,72.1
8.4,54.3,85.0,76.1,8.4,No,Medium,High School,17.9,Yes,Male,17,64.5
8.7,70.4,63.5,71.8,6.9,Yes,Medium,Master,19.9,No,Female,15,64.9
1.1,,76.1,83.1,5.7,Yes,Low,Bachelor,1.0,No,Female,17,60.7
5.6,63.0,69.6,71.4,6.5,Yes,Low,High School,12.4,No,Female,21,63.2
4.8,86.2,56.4,71.0,7.2,Yes,Low,High School,13.5,Yes,Female,18,55.4
3.0,74.8,74.9,83.8,8.5,Yes,Medium,Master,6.7,No,Female,18,64.5
2.1,54.1,52.3,79.0,7.7,Yes,Low,High School,6.2,No,Male,22,47.5
4.0,61.0,87.8,78.8,6.0,Yes,Low,Doctorate,7.0,Yes,Female,20,69.4
9.5,84.2,63.0,80.6,10.0,Yes,Low,High School,25.3,No,Male,16,76.3
3.9,53.8,73.0,56.6,7.3,Yes,High,Master,8.6,No,Female,22,55.1
5.7,92.6,74.2,84.1,8.5,Yes,High,High School,14.3,No,Male,15,75.6
7.3,74.8,66.1,82.3,6.8,Yes,Medium,Bachelor,18.1,No,Male,19,65.2
4.3,74.0,78.8,62.8,7.6,Yes,Medium,Master,8.2,No,Female,22,60.2
9.7,79.6,62.9,72.1,8.0,No,High,Bachelor,21.9,Yes,Female,20,73.5
9.7,91.2,83.1,74.5,8.5,Yes,Low,Bachelor,26.2,No,Male,16,81.8
3.3,67.4,49.8,73.4,8.3,Yes,Low,High School,9.0,Yes,Female,15,55.8
5.5,83.9,71.9,79.0,8.0,Yes,Low,High School,15.9,Yes,Male,21,61.7
3.7,78.3,99.1,92.2,6.6,Yes,Low,High School,9.9,Yes,Male,15,73.5
3.6,63.4,55.0,88.0,6.3,No,Medium,Bachelor,9.3,No,Female,21,59.3
1.3,93.9,59.8,59.3,7.4,Yes,High,High School,1.0,Yes,Male,20,53.2
6.5,89.9,77.7,82.5,8.1,Yes,Medium,High School,15.7,Yes,Female,16,69.1
5.5,82.9,72.7,90.9,6.7,Yes,Medium,Bachelor,13.7,Yes,Male,22,73.1
1.5,92.5,75.3,79.6,8.3,Yes,High,Bachelor,7.7,No,Female,16,61.1
3.5,93.4,77.3,88.1,8.7,No,Low,Bachelor,10.1,No,Female,17,74.0
9.2,85.4,79.5,99.1,5.9,Yes,Low,High School,26.1,No,Male,19,85.6
3.2,91.9,86.6,87.3,6.0,Yes,Medium,High School,9.2,No,Male,18,72.3
2.3,84.9,76.1,78.0,6.8,Yes,Medium,Master,4.3,No,Female,17,69.0
5.4,84.0,66.4,87.5,7.4,Yes,Low,High School,13.7,Yes,Female,15,67.0
9.9,80.9,,76.7,6.4,Yes,Medium,Master,25.2,No,Male,19,80.8
3.2,87.6,98.5,75.3,8.6,Yes,Medium,Master,6.1,Yes,Female,19,80.4
7.0,57.9,68.0,70.8,7.5,Yes,Medium,Master,16.7,Yes,Male,16,67.0
7.9,94.0,55.4,93.8,7.0,No,Medium,High School,19.3,Yes,Male,19,67.9
3.1,93.6,86.6,65.2,5.3,Yes,Medium,Master,11.0,No,Male,20,58.8
7.6,51.5,68.2,93.4,5.4,Yes,Low,Master,14.8,No,Male,19,68.8
4.3,91.3,37.4,81.0,7.3,Yes,Medium,Bachelor,13.2,No,Female,15,57.8
6.7,56.4,82.7,58.2,4.4,No,Low,High School,14.9,Yes,Female,20,65.2
6.7,66.8,62.0,79.4,8.2,Yes,High,High School,14.0,No,Female,20,67.2
5.8,87.2,68.6,49.8,6.8,Yes,Medium,High School,16.9,Yes,Female,17,57.7
1.8,58.0,75.0,82.5,10.0,Yes,Medium,Bachelor,6.0,Yes,Female,19,54.6
8.5,90.9,72.9,85.6,9.8,Yes,Medium,Bachelor,23.8,Yes,Female,16,75.8
3.9,91.6,80.6,67.9,6.8,Yes,Medium,High School,11.4,No,Female,21,63.3
2.7,75.4,63.5,76.5,6.9,Yes,Medium,Bachelor,10.9,Yes,Female,17,57.5
1.4,50.3,77.7,98.4,8.2,Yes,High,High School,4.6,No,Female,16,66.7
6.3,64.4,66.1,68.9,9.0,Yes,High,Bachelor,15.4,No,Male,19,72.2
7.1,80.8,81.1,62.3,5.0,Yes,Medium,Master,18.4,No,Female,17,69.2
1.1,99.1,79.2,92.8,4.9,No,Low,High School,5.2,No,Female,19,61.4
5.6,81.6,56.0,98.6,6.3,No,Medium,High School,12.4,Yes,Female,15,63.6
3.0,63.0,86.3,75.0,7.7,Yes,Medium,High School,6.2,Yes,Female,17,65.8
6.8,81.7,62.0,87.1,7.6,Yes,Low,Bachelor,16.4,No,Female,16,64.0
2.6,77.0,82.1,91.1,8.3,Yes,Low,Bachelor,2.3,No,Female,15,68.1
7.2,89.0,75.5,66.1,5.6,Yes,High,Master,18.3,No,Male,18,71.8
4.5,55.3,97.6,69.2,4.2,Yes,Low,High School,7.5,No,Female,16,66.8
9.4,88.1,66.6,89.8,8.0,Yes,Medium,Doctorate,23.6,Yes,Male,21,80.5
2.2,77.1,64.8,95.2,6.0,Yes,Medium,High School,7.2,Yes,Female,22,63.7
4.1,98.1,69.7,81.8,4.6,Yes,Medium,Bachelor,9.3,No,Female,19,57.8
2.0,67.1,65.5,64.4,7.2,Yes,Low,High School,8.4,Yes,Male,16,55.3
9.3,81.6,82.0,98.8,8.0,Yes,High,Master,20.3,Yes,Male,18,83.0
8.9,96.6,45.8,68.6,6.9,Yes,Medium,Bachelor,24.6,No,Female,16,58.5
3.3,55.1,54.2,71.0,6.5,Yes,Medium,Bachelor,9.6,Yes,Male,15,48.6
6.9,96.9,54.0,79.1,6.8,Yes,Medium,Master,13.8,No,Male,20,67.3
8.4,84.4,84.3,93.6,6.6,Yes,Medium,High School,26.4,No,Female,22,78.7
6.0,53.4,95.7,85.2,5.4,Yes,High,High School,14.9,No,Male,16,67.7
5.8,65.0,68.4,80.0,6.1,Yes,Medium,Master,12.7,Yes,Male,17,68.2
3.2,85.4,67.5,80.6,7.6,No,Medium,High School,5.2,Yes,Female,21,55.1
1.8,53.4,71.1,75.5,7.4,Yes,High,High School,4.1,No,Male,18,57.4
9.1,79.1,87.4,81.7,7.2,Yes,Medium,Bachelor,22.5,Yes,Male,16,81.5
9.1,67.3,56.1,44.6,5.8,Yes,Low,Bachelor,23.0,Yes,Female,18,60.9
6.7,81.0,73.6,71.4,6.8,No,Low,High School,16.2,Yes,Female,20,72.3
4.1,52.3,84.6,77.9,4.4,No,High,High School,11.5,Yes,Female,15,58.4
4.1,93.6,77.5,61.2,7.2,Yes,Medium,High School,9.5,Yes,Female,17,63.4
7.5,98.7,72.8,79.6,8.7,No,Medium,Bachelor,14.9,No,Female,19,70.8
9.1,98.4,85.0,72.5,5.2,Yes,Medium,Master,22.5,Yes,Male,16,80.8
9.0,87.5,30.0,96.1,6.3,Yes,Low,Doctorate,17.8,Yes,Male,15,65.7
8.0,56.5,80.2,93.9,7.4,Yes,Medium,Bachelor,20.7,No,Male,22,74.5
6.8,87.9,60.2,69.4,8.5,Yes,Low,High School,15.0,No,Male,18,60.7
1.8,51.2,,73.2,6.5,No,Medium,Master,4.8,Yes,Female,20,40.9
2.5,51.1,77.7,74.1,6.2,Yes,Medium,Bachelor,8.9,Yes,Female,21,64.0
9.1,66.2,90.6,69.6,4.6,No,Medium,High School,20.9,No,Male,18,74.2
6.5,74.4,67.9,77.3,7.1,Yes,Medium,Master,18.4,No,Female,21,70.9
1.1,88.5,84.3,65.9,9.5,Yes,High,Master,1.9,No,Male,20,62.7
1.9,84.2,94.2,61.4,7.3,Yes,Medium,Bachelor,8.3,No,Male,21,61.8
7.0,72.3,89.7,82.5,7.0,Yes,Low,Bachelor,16.8,Yes,Female,20,71.6
,63.7,94.6,82.6,7.4,Yes,Low,High School,1.0,No,Male,15,65.9
2.4,99.9,81.1,65.3,7.0,Yes,Medium,High School,7.4,Yes,Male,16,59.2
5.9,71.3,71.1,85.7,6.0,No,High,Bachelor,13.9,No,Male,19,74.3
7.2,72.6,46.0,67.4,8.0,Yes,High,High School,16.3,No,Male,16,52.7
6.9,58.2,66.3,78.0,7.3,Yes,High,Bachelor,16.3,No,Female,22,67.3
3.0,89.7,57.4,84.8,7.0,Yes,Medium,Master,7.4,Yes,Female,22,67.8
7.4,84.7,100.0,74.6,5.8,Yes,Medium,Master,21.2,Yes,Male,17,83.1
3.1,61.0,67.4,80.5,8.6,No,,Bachelor,3.9,No,Male,16,59.2
,54.1,71.8,68.8,7.8,Yes,Low,Master,9.8,No,Female,20,55.2
7.7,84.0,78.3,72.6,6.3,Yes,Low,Master,20.5,No,Female,20,65.8
6.8,82.7,70.7,72.5,8.2,Yes,High,Bachelor,17.4,Yes,Male,17,73.2
8.6,63.7,95.4,66.0,6.4,Yes,Low,High School,24.1,Yes,Male,18,80.8
6.9,97.5,60.7,72.9,6.1,Yes,Low,High School,17.1,No,Female,20,61.7
6.1,57.6,72.9,56.4,6.1,Yes,Low,High School,14.9,Yes,Female,17,54.6
1.8,71.6,58.9,69.1,4.9,Yes,High,High School,5.7,No,Male,20,41.7
4.3,97.2,50.2,71.6,7.6,Yes,Medium,High School,10.9,No,Female,19,52.6
3.4,71.0,60.8,71.9,4.8,Yes,Medium,High School,7.7,No,Male,20,54.2
3.2,81.9,,72.1,5.5,Yes,High,Bachelor,9.0,No,Female,15,67.0
9.8,69.9,63.6,74.3,4.5,Yes,Medium,Master,23.2,No,Female,17,71.8
4.5,63.7,59.6,80.8,6.9,Yes,Medium,High School,10.0,Yes,Female,21,61.0
9.0,99.2,48.9,85.5,6.8,Yes,Low,Bachelor,21.4,No,Male,22,66.0
6.7,70.5,68.8,67.2,6.6,Yes,Low,Bachelor,19.5,Yes,Male,16,61.6
8.2,94.7,,60.6,5.7,No,High,High School,14.1,No,Male,17,63.4
5.5,61.5,,62.5,5.6,Yes,Medium,Master,14.5,Yes,Female,18,66.2
6.2,60.7,71.2,69.2,7.6,Yes,Medium,Bachelor,15.6,No,Male,20,55.4
5.4,51.6,48.1,70.8,6.3,No,Medium,High School,10.1,Yes,Male,17,48.9
2.8,82.6,65.4,65.8,7.4,Yes,Medium,Master,7.6,Yes,Male,19,55.3
7.5,68.4,58.7,59.4,5.9,Yes,Low,High School,19.7,No,Female,17,55.3
3.5,93.2,74.8,69.5,7.2,Yes,Low,Bachelor,9.9,Yes,Male,19,65.6
1.2,73.7,90.1,77.2,8.6,Yes,Low,High School,1.0,No,Male,22,63.0
6.8,98.4,41.9,82.1,7.7,Yes,Low,Master,19.7,No,Male,22,61.2
2.6,59.3,71.7,68.3,6.5,Yes,High,Bachelor,5.0,Yes,Female,20,63.9
9.5,93.4,67.6,70.0,7.3,No,Low,Bachelor,25.1,No,Female,16,66.3
9.6,88.8,80.1,63.9,6.7,Yes,Low,High School,25.5,Yes,Female,20,80.8
9.2,88.5,73.2,74.6,7.0,Yes,Medium,Bachelor,21.2,Yes,Female,18,72.1
4.3,92.2,58.7,64.8,6.6,Yes,High,Master,12.1,Yes,Female,15,60.8
1.1,88.1,65.2,81.9,6.8,Yes,Low,Bachelor,2.0,No,Male,16,56.0
9.4,81.3,58.1,53.6,7.3,Yes,Low,Bachelor,19.4,Yes,Female,16,63.5
4.9,56.6,86.1,70.7,5.8,Yes,Medium,Bachelor,14.6,No,Male,22,67.6
,51.6,70.3,78.6,5.8,Yes,Medium,Master,22.7,No,Male,15,72.9
9.7,96.0,98.5,77.2,5.3,Yes,Medium,Bachelor,22.5,No,Female,17,81.1
8.7,80.8,69.1,100.0,5.1,No,High,Master,20.9,Yes,Male,20,72.6
3.7,89.8,59.4,79.2,5.5,No,High,Master,9.8,No,Male,17,69.6
4.5,74.1,47.3,63.0,7.2,Yes,Medium,Bachelor,11.1,No,Male,17,50.1
8.7,55.9,43.0,73.9,5.9,Yes,Medium,High School,22.8,No,Female,20,60.3
3.9,56.3,46.2,53.7,7.6,Yes,Medium,Bachelor,7.1,No,Male,18,40.2
2.5,84.3,74.0,74.0,7.0,No,Low,Master,4.8,No,Female,16,58.3
6.0,71.5,77.6,65.0,4.6,Yes,High,High School,14.8,Yes,Female,19,65.0
9.4,60.0,46.3,86.0,7.8,Yes,Medium,Bachelor,27.3,No,Female,15,67.0
,74.6,83.4,68.4,8.0,Yes,Low,Master,18.0,Yes,Male,16,61.4
6.1,53.2,62.8,73.6,5.8,Yes,Medium,High School,17.4,Yes,Female,17,61.0
1.9,79.1,72.2,67.4,7.5,Yes,Low,Bachelor,4.8,No,Male,15,52.2
6.5,63.4,94.2,95.9,6.0,Yes,Medium,High School,15.3,Yes,Male,19,80.1
9.9,89.9,83.5,71.1,7.1,Yes,Medium,High School,24.3,Yes,Male,16,74.0
2.3,65.5,66.0,97.0,5.5,Yes,Medium,Master,5.4,No,Female,16,58.8
5.7,72.8,56.6,84.8,4.8,Yes,High,High School,15.5,Yes,Male,18,61.7
8.9,50.6,37.7,80.8,6.5,Yes,Low,High School,25.0,No,Male,16,52.3
7.7,53.6,59.2,79.4,6.9,No,Medium,Master,20.0,No,Male,16,60.9
7.3,69.6,66.8,79.7,6.5,Yes,Medium,High School,20.6,No,Male,19,61.7
7.3,74.0,55.2,51.9,5.6,No,Medium,Doctorate,16.3,No,Female,19,48.7
4.2,80.0,68.0,71.7,6.5,Yes,Medium,Doctorate,9.7,Yes,Female,15,67.8
3.6,64.6,71.2,85.1,7.3,Yes,Medium,High School,7.6,Yes,Female,17,58.4
8.3,84.7,66.6,74.4,6.9,Yes,Medium,High School,21.4,Yes,Male,19,68.9
8.3,93.0,60.2,58.1,7.2,Yes,Low,Bachelor,20.0,Yes,Male,15,67.0
8.8,89.0,72.5,74.4,6.2,Yes,High,Bachelor,23.5,No,Female,16,71.0
9.2,52.0,76.6,95.4,8.4,Yes,Medium,High School,21.1,No,Male,22,73.1
5.6,74.0,53.6,90.0,5.6,Yes,Medium,Bachelor,14.1,Yes,Female,15,64.0
5.5,55.2,91.2,74.3,7.6,Yes,Low,High School,15.1,Yes,Male,22,74.0
8.2,62.1,68.5,86.4,8.4,Yes,Low,Master,16.4,Yes,Female,15,67.5
6.8,99.3,70.3,70.6,7.6,No,Medium,High School,21.2,Yes,Male,15,66.6
7.3,57.1,80.6,54.6,6.8,Yes,High,High School,17.7,No,Male,22,58.0
,74.9,73.5,63.9,6.4,No,Medium,High School,16.4,Yes,Female,20,64.6
9.0,80.9,84.3,93.8,8.2,Yes,High,Doctorate,22.8,No,Female,15,84.7
4.0,85.1,74.3,71.7,5.3,Yes,Medium,Bachelor,10.1,Yes,Male,22,60.5
4.4,78.0,60.8,72.1,5.8,Yes,Medium,Master,10.8,Yes,Female,19,58.5
1.8,50.5,75.4,71.4,6.5,Yes,Low,High School,6.5,No,Female,21,48.9
6.2,66.3,52.8,97.8,8.5,Yes,High,High School,17.0,No,Male,21,66.1
1.3,75.9,71.6,94.5,7.5,Yes,Low,High School,3.8,No,Male,21,65.4
5.2,54.4,69.5,100.0,5.8,Yes,High,Bachelor,13.9,No,Male,21,64.2
5.9,67.5,66.9,73.1,6.6,Yes,High,Bachelor,14.5,Yes,Male,20,62.5
3.6,51.7,68.1,78.5,6.3,Yes,High,Bachelor,12.6,Yes,Female,17,62.9
6.3,53.9,41.8,56.8,6.1,Yes,Medium,High School,12.8,No,Male,22,53.3
1.3,,61.8,92.7,8.2,Yes,Medium,Master,3.5,No,Male,15,53.7
1.3,56.6,71.4,61.0,5.4,Yes,Medium,High School,3.4,No,Male,18,50.1
8.4,78.4,72.4,77.6,8.9,Yes,Low,Doctorate,22.6,Yes,Female,21,75.5
4.2,84.5,54.6,61.8,8.0,Yes,Medium,High School,8.8,No,Male,16,54.0
2.1,90.0,89.0,67.9,8.3,Yes,Low,Bachelor,1.8,Yes,Male,21,55.7
5.7,60.0,57.0,65.0,6.4,Yes,Medium,High School,14.6,No,Male,21,57.5
7.9,58.4,84.5,67.7,6.8,Yes,Low,Bachelor,20.3,No,Female,16,75.6
2.9,55.2,76.4,68.5,5.3,Yes,Low,Bachelor,10.2,Yes,Male,20,58.3
6.6,81.8,60.3,68.4,6.4,No,Medium,Bachelor,14.0,No,Female,16,56.1
1.8,85.3,96.6,85.0,7.6,Yes,Medium,Bachelor,6.8,Yes,Male,16,70.2
1.5,51.6,52.1,61.7,8.6,Yes,Medium,Bachelor,8.5,No,Male,20,53.5
5.8,96.8,83.8,77.6,5.7,Yes,Low,Bachelor,13.7,Yes,Female,16,75.9
5.9,52.6,85.0,89.6,6.6,Yes,Medium,Master,12.2,No,Male,15,75.3
6.7,77.1,59.9,68.8,6.8,Yes,Low,High School,15.9,Yes,Female,21,62.6
7.5,85.5,90.9,66.4,5.3,Yes,Medium,Bachelor,18.8,No,Female,17,71.1
9.8,93.5,66.2,72.2,7.7,Yes,Medium,Bachelor,25.6,No,Female,20,71.9
5.6,85.7,74.3,89.2,6.1,Yes,Medium,High School,12.8,No,Female,18,69.5
3.9,90.1,73.9,77.3,6.8,Yes,Medium,Bachelor,12.9,Yes,Male,20,68.4
8.2,67.0,68.0,68.6,6.5,Yes,Medium,High School,18.3,No,Male,19,71.5
3.4,90.7,82.2,80.8,6.1,No,Medium,High School,5.0,Yes,Female,18,70.7
5.0,54.0,81.9,61.8,7.0,Yes,Medium,High School,14.7,No,Female,19,56.1
1.7,94.7,43.8,83.2,6.7,Yes,Medium,High School,1.0,Yes,Female,22,53.7
1.2,77.4,89.6,79.9,6.6,Yes,Medium,Bachelor,2.6,No,Male,22,68.1
9.7,90.9,45.1,71.3,6.1,Yes,Low,Bachelor,30.0,Yes,Male,20,66.3
8.5,72.6,85.5,64.9,7.4,Yes,Medium,Doctorate,21.2,Yes,Female,19,73.1
7.3,82.2,86.9,64.4,9.0,Yes,Medium,Bachelor,16.0,Yes,Male,18,85.6
4.7,76.3,53.6,81.4,7.2,Yes,Medium,High School,11.6,Yes,Male,15,54.5
2.6,86.6,63.8,89.7,8.2,Yes,Low,Master,6.4,Yes,Male,20,59.3
,54.1,53.4,67.4,5.3,Yes,Low,Master,6.3,No,Female,20,49.3
3.3,53.0,66.8,80.5,7.2,Yes,High,Bachelor,9.6,No,Male,16,68.4
5.9,62.4,65.4,50.0,5.7,Yes,Medium,Bachelor,12.7,No,Female,20,52.4
7.4,58.0,81.7,68.0,5.2,Yes,Low,Doctorate,21.9,No,Male,21,67.5
6.9,93.6,89.7,74.6,6.1,Yes,Medium,Bachelor,17.7,Yes,Female,22,80.8
3.5,61.0,90.9,64.1,8.4,Yes,Medium,Master,10.2,No,Female,21,65.8
9.6,98.8,61.6,63.8,8.1,Yes,High,High School,22.7,Yes,Male,20,69.2
7.6,66.8,66.9,67.0,7.3,No,Low,High School,21.6,No,Female,22,63.4
6.0,59.1,44.7,78.5,5.2,Yes,Low,Bachelor,14.5,Yes,Male,22,56.3
6.5,89.5,57.9,72.8,6.8,No,High,Bachelor,16.8,Yes,Male,15,67.4
4.8,82.9,84.5,48.1,7.4,Yes,Low,Master,10.1,Yes,Female,16,68.8
3.2,74.9,94.2,49.6,7.2,Yes,Low,Doctorate,6.0,No,Male,17,64.6
4.2,77.8,51.5,67.7,4.8,Yes,High,High School,11.9,Yes,Male,19,55.7
7.8,86.0,61.1,80.5,5.9,No,Medium,High School,18.6,No,Male,18,66.0
1.1,61.4,69.6,42.0,6.9,Yes,Low,Master,1.0,Yes,Male,17,49.8
2.0,99.8,,69.0,7.6,Yes,Low,Bachelor,3.7,No,Female,16,60.4
1.4,98.7,57.9,68.7,4.4,Yes,Low,High School,4.9,No,Male,21,50.8
1.4,82.5,76.4,91.7,6.8,Yes,Low,Bachelor,2.2,Yes,Female,21,69.2
8.7,60.0,62.9,70.4,7.2,Yes,High,Bachelor,21.5,No,Female,21,72.5
7.3,84.0,69.8,79.6,8.0,No,Medium,Master,18.3,No,Male,15,63.4
5.3,53.6,78.2,76.7,7.8,No,Medium,Bachelor,9.4,No,Male,22,64.2
1.9,51.5,70.1,49.4,7.7,Yes,High,High School,1.8,No,Female,21,47.4
5.4,62.9,63.5,84.2,6.0,No,Medium,Doctorate,14.2,No,Male,18,61.4
5.3,73.1,68.4,77.6,4.7,Yes,Low,Bachelor,11.8,No,Male,19,63.8
2.6,93.4,68.7,81.1,6.5,Yes,Medium,Bachelor,8.6,Yes,Male,20,65.9
4.9,,64.4,100.0,8.2,Yes,High,High School,14.2,No,Female,20,69.5
4.6,87.1,66.1,50.0,8.7,Yes,High,Bachelor,12.9,Yes,Female,17,51.9
6.5,71.3,94.0,95.7,7.9,No,Low,High School,19.9,Yes,Male,19,73.7
6.7,67.3,78.4,71.6,7.5,Yes,Medium,High School,16.6,No,Male,16,71.3
1.4,68.6,65.6,78.4,7.5,Yes,Medium,Bachelor,4.8,Yes,Female,19,46.3
4.4,99.4,80.5,74.5,6.3,Yes,High,High School,9.8,Yes,Female,15,74.4
6.6,52.0,65.0,69.9,6.8,Yes,Low,Bachelor,21.4,No,Female,17,62.4
5.5,93.4,87.6,68.2,9.0,Yes,Medium,High School,17.7,No,Female,17,76.5
8.7,78.9,75.5,79.0,5.9,No,High,Bachelor,21.8,No,Male,15,71.7
6.9,71.9,68.4,56.8,8.9,Yes,Medium,High School,18.0,No,Female,19,53.8
2.5,86.3,76.7,84.0,6.6,Yes,Medium,High School,9.0,No,Male,21,65.8
1.6,74.3,46.4,70.0,8.6,Yes,Low,High School,3.7,Yes,Male,15,53.2
6.8,93.7,53.1,61.4,5.3,Yes,Low,Master,15.7,Yes,Female,21,63.3
1.2,95.0,52.1,69.6,7.7,Yes,Medium,Master,4.7,No,Male,18,49.9
6.3,71.1,72.1,90.1,6.1,Yes,High,High School,15.9,Yes,Female,15,71.4
9.5,63.8,96.0,68.6,5.3,Yes,Low,Master,24.1,No,Male,21,75.1
6.2,79.6,100.0,79.3,7.3,Yes,Medium,Bachelor,13.8,No,Female,19,74.9
4.5,95.6,79.6,66.2,8.2,Yes,Medium,Doctorate,7.8,Yes,Female,21,73.2
6.8,60.5,77.5,84.1,6.0,Yes,Low,High School,17.5,No,Male,15,63.4
5.1,81.1,43.0,83.2,5.2,Yes,Medium,Bachelor,14.6,No,Female,16,52.8
5.9,81.6,61.9,97.2,6.9,Yes,Medium,High School,14.3,No,Male,20,63.6
9.5,86.7,58.2,72.9,6.9,Yes,High,High School,26.6,No,Female,15,62.7
4.5,56.6,60.7,83.0,7.7,No,Medium,Doctorate,9.8,No,Male,20,60.6
9.7,85.8,67.5,76.2,8.1,Yes,Medium,Bachelor,22.1,Yes,Female,15,79.0
9.1,95.5,62.9,90.6,6.9,Yes,Low,High School,22.6,No,Male,19,72.1
2.8,59.0,40.3,66.4,9.2,Yes,High,High School,6.8,No,Male,18,41.0
1.6,61.9,81.2,83.9,7.3,Yes,Low,Bachelor,5.5,No,Male,18,65.1
1.9,98.6,53.9,72.7,6.6,Yes,Medium,Bachelor,3.2,No,Male,20,61.0
1.2,59.0,73.6,74.2,5.1,No,Low,High School,5.7,No,Female,22,49.3
1.8,92.7,100.0,76.1,6.7,Yes,High,Doctorate,8.4,Yes,Female,22,72.2
7.1,74.6,56.2,78.0,6.6,Yes,Medium,High School,17.7,No,Female,19,64.6
1.6,62.4,32.0,73.6,8.2,Yes,Medium,High School,6.5,No,Male,21,49.1
3.9,93.5,65.7,77.6,7.6,Yes,Low,Master,7.6,Yes,Male,19,61.9
8.6,72.3,86.5,93.9,5.6,Yes,Medium,High School,23.7,Yes,Male,22,74.7
1.2,75.7,99.4,86.8,7.2,No,Medium,High School,5.1,No,Female,19,70.3
8.3,68.0,51.6,85.4,7.8,Yes,Medium,Bachelor,22.5,No,Female,16,68.8
3.5,79.6,77.5,69.5,8.8,Yes,Low,Master,8.7,No,Male,17,63.6
2.1,58.2,63.0,64.3,8.1,Yes,High,High School,1.0,No,Male,22,50.3
7.3,69.6,68.4,86.5,7.9,Yes,High,Master,17.0,No,Male,22,76.0
6.7,98.5,100.0,85.5,7.1,Yes,Low,Master,15.5,No,Female,15,84.3
8.9,62.9,47.5,92.7,7.5,Yes,High,High School,20.3,No,Female,19,63.6
7.6,82.8,73.8,67.8,8.5,Yes,Medium,Bachelor,19.2,Yes,Female,19,70.8
8.2,66.3,77.0,72.2,5.4,Yes,Medium,High School,19.7,No,Male,19,63.5
3.5,88.7,86.3,55.3,6.6,Yes,Medium,Bachelor,7.1,No,Female,18,65.8
2.6,56.5,71.5,70.3,6.1,Yes,Medium,Master,4.4,No,Female,19,56.3
7.8,98.5,74.6,87.0,7.5,Yes,Medium,Doctorate,18.1,No,Male,22,76.0
,72.7,64.1,69.4,8.5,Yes,Medium,High School,23.0,No,Female,15,65.9
9.9,61.8,74.0,82.7,6.3,Yes,Medium,Bachelor,23.4,Yes,Male,21,75.5
4.7,53.7,64.9,72.7,4.1,Yes,Medium,Bachelor,10.7,Yes,Male,21,61.9
4.3,58.5,79.3,78.9,6.5,Yes,Medium,High School,9.8,Yes,Female,19,67.5
8.0,76.0,64.5,61.2,8.1,Yes,Low,High School,20.7,Yes,Male,15,63.1
4.1,66.9,75.7,76.0,7.6,Yes,High,High School,11.2,No,Female,16,67.2
9.4,91.4,69.6,39.1,7.5,No,Medium,Bachelor,17.4,Yes,Female,21,65.3
8.7,71.5,86.9,72.8,6.7,Yes,Low,Bachelor,23.8,Yes,Male,22,73.7
4.9,62.4,69.2,55.4,5.5,Yes,Low,High School,15.1,No,Female,17,54.2
7.8,80.9,43.4,89.5,7.6,Yes,Medium,Master,17.4,No,Female,18,64.3
7.8,85.3,88.9,84.3,6.0,Yes,High,Master,17.6,Yes,Male,15,83.2
1.9,58.4,56.4,80.6,9.6,Yes,Medium,Bachelor,3.8,No,Male,21,53.1
9.1,58.4,60.2,93.3,7.7,Yes,Medium,High School,21.2,No,Male,21,68.7
5.5,51.8,61.1,63.6,6.3,Yes,,Bachelor,14.2,Yes,Male,20,64.0
8.4,86.8,90.6,96.0,6.3,Yes,Medium,High School,17.1,Yes,Male,16,87.2
3.9,83.2,38.0,86.2,6.9,Yes,,High School,7.5,No,Male,17,51.4
9.1,73.7,100.0,72.2,6.7,Yes,Medium,Bachelor,25.8,No,Male,17,83.0
4.5,92.2,85.8,88.6,8.3,Yes,Low,High School,9.4,No,Female,17,72.9
1.1,90.3,73.3,61.7,7.2,Yes,Medium,High School,5.2,Yes,Male,22,58.1
9.1,79.3,69.2,65.1,6.1,Yes,Low,High School,23.5,Yes,Female,15,68.2
1.8,93.4,74.3,67.7,9.3,Yes,Medium,High School,1.0,No,Female,16,64.7
3.9,60.3,77.8,68.7,7.1,Yes,Medium,High School,11.0,Yes,Female,19,63.2
9.6,55.6,79.7,62.3,7.9,No,Medium,Doctorate,23.8,Yes,Male,20,71.4
9.6,63.5,78.3,89.7,6.3,Yes,Low,High School,23.1,No,Female,16,79.6
6.2,52.9,71.3,71.9,7.4,Yes,High,High School,16.0,Yes,Female,16,65.8
6.7,,67.0,79.2,7.4,Yes,Medium,High School,17.7,No,Female,21,67.0
5.0,96.8,67.7,68.2,4.7,Yes,Medium,Master,13.9,No,Male,16,64.4
3.6,52.0,67.1,53.2,9.4,Yes,Medium,Bachelor,11.4,Yes,Male,15,54.4
4.0,56.1,87.0,78.2,8.5,Yes,Medium,High School,10.8,No,Female,20,66.9
7.1,72.6,78.9,52.1,6.5,Yes,,Master,15.0,Yes,Male,15,64.0
7.8,96.7,30.0,74.2,5.7,Yes,Medium,High School,18.6,No,Male,20,52.4
8.1,65.8,79.8,58.6,7.4,Yes,Medium,High School,26.1,Yes,Male,20,64.2
8.1,75.4,72.9,98.8,7.1,No,Low,High School,21.7,Yes,Female,21,68.3
1.8,52.1,69.7,85.9,7.4,Yes,High,High School,9.2,No,Female,15,55.3
5.4,57.4,64.2,76.3,7.2,Yes,Medium,High School,16.3,No,Male,20,59.7
1.5,99.3,86.9,90.2,7.6,Yes,Low,Bachelor,4.2,No,Female,16,69.4
5.9,98.3,84.2,64.8,8.7,Yes,Medium,High School,15.4,Yes,Female,15,70.2
5.0,50.2,58.4,81.5,7.7,Yes,High,Bachelor,12.4,Yes,Male,20,51.9
9.0,97.6,76.1,77.4,5.7,Yes,High,High School,19.0,No,Female,22,81.9
4.2,82.0,55.4,78.2,8.6,Yes,Medium,High School,10.5,No,Female,17,63.1
2.1,93.4,49.3,90.3,9.0,Yes,Low,Bachelor,7.7,Yes,Female,15,59.8
2.3,72.7,60.6,83.8,10.0,No,Medium,Master,4.6,No,Male,21,65.8
7.9,75.8,82.9,78.5,5.7,Yes,Low,High School,20.6,No,Female,22,68.2
6.6,74.4,84.3,55.1,7.3,Yes,High,Bachelor,18.2,No,Male,22,75.4
1.9,83.3,77.7,63.5,4.5,No,Low,High School,2.9,No,Male,18,50.2
1.8,57.0,80.9,73.5,7.7,Yes,Low,High School,3.6,Yes,Male,15,60.2
7.3,51.5,77.7,76.1,6.3,Yes,Medium,High School,16.2,No,Female,22,62.4
1.7,65.4,60.4,61.4,9.3,Yes,Medium,High School,2.6,Yes,Female,15,51.6
8.4,85.2,76.5,100.0,6.1,Yes,Medium,High School,18.4,No,Male,15,79.8
7.4,60.1,82.0,93.2,5.0,Yes,Medium,High School,16.7,No,Male,20,73.0
1.7,83.7,81.3,82.2,6.4,Yes,Low,Master,7.1,No,Female,15,66.9
1.8,98.5,87.8,75.9,4.6,Yes,Low,High School,2.7,No,Male,18,64.3
9.9,54.7,80.6,72.5,7.9,Yes,Medium,Bachelor,25.0,No,Female,19,72.1
4.4,83.6,75.3,63.6,4.5,Yes,Low,High School,10.0,No,Male,15,57.3
4.3,72.2,86.1,75.9,7.0,Yes,Medium,Bachelor,13.1,No,Male,17,71.4
8.3,93.4,69.6,78.1,4.5,Yes,Medium,Bachelor,23.4,No,Female,18,68.4
9.5,58.9,56.8,60.1,6.6,Yes,Medium,High School,25.5,No,Male,19,64.7
9.9,84.6,67.6,79.0,9.0,Yes,High,High School,25.4,Yes,Male,20,80.9
7.8,91.9,58.8,73.1,7.4,Yes,High,Bachelor,19.0,Yes,Male,15,61.7
4.4,97.2,59.9,52.1,6.0,Yes,High,Master,8.6,Yes,Female,19,62.6
1.8,84.2,67.8,64.7,7.0,Yes,Low,High School,8.4,No,Female,17,62.1
8.0,74.9,58.1,70.0,7.0,Yes,Low,High School,18.5,No,Male,18,63.0
6.0,80.9,65.4,97.7,7.6,Yes,Medium,Master,16.3,No,Male,18,73.8
4.8,93.4,41.6,81.7,5.4,Yes,High,High School,14.1,No,Female,20,60.6
9.2,78.5,73.2,59.0,7.7,Yes,High,Bachelor,21.9,No,Male,20,69.1
2.0,,70.0,80.8,4.0,Yes,High,High School,7.1,Yes,Female,20,58.0
5.4,96.5,57.7,56.4,6.2,No,Low,High School,15.0,Yes,Male,19,49.5
1.1,84.5,79.9,88.0,6.4,Yes,High,Bachelor,6.2,Yes,Male,15,66.7
,83.8,84.1,69.3,7.8,Yes,Medium,Bachelor,12.1,Yes,Female,16,72.0
,60.8,45.9,73.9,7.0,Yes,Low,High School,1.2,No,Male,22,47.7
2.1,82.9,58.6,90.9,5.3,No,Medium,Bachelor,4.2,No,Female,18,61.0
2.1,69.7,58.5,59.6,5.8,Yes,Low,Master,5.7,No,Male,16,46.3
6.8,82.6,55.9,58.2,7.2,Yes,Medium,Bachelor,17.1,No,Male,21,56.7
7.7,55.3,82.4,68.0,6.9,Yes,Medium,High School,18.5,No,Female,18,76.1
6.3,82.9,67.1,87.5,6.3,Yes,Medium,Bachelor,11.9,Yes,Male,22,69.1
9.7,100.0,66.0,56.8,6.4,Yes,Medium,Bachelor,25.2,No,Female,20,69.4
4.4,52.4,39.9,41.0,7.8,Yes,High,Master,14.9,Yes,Male,22,44.4
3.6,98.9,79.5,69.6,6.4,No,Medium,Bachelor,9.9,Yes,Female,15,61.3
8.8,70.3,51.4,81.6,6.9,No,Medium,High School,23.2,Yes,Female,15,70.2
3.0,93.5,70.9,89.4,9.6,No,High,Bachelor,8.6,No,Male,18,64.4
9.7,,74.2,69.4,5.3,Yes,High,Bachelor,25.0,Yes,Female,19,70.4
1.1,78.4,90.4,70.1,4.8,Yes,Low,High School,4.6,Yes,Female,21,59.4
9.7,86.9,50.4,88.8,7.9,Yes,Medium,Bachelor,25.0,No,Male,22,62.5
1.4,93.9,30.0,52.6,6.2,Yes,Low,High School,2.9,No,Female,20,34.9
9.0,70.2,72.8,70.3,6.6,Yes,Low,Bachelor,20.9,Yes,Female,15,66.3
5.7,66.4,97.0,77.3,6.1,Yes,Medium,High School,13.8,Yes,Male,21,76.5
9.9,83.4,88.6,80.4,6.7,Yes,High,Bachelor,25.4,No,Male,21,79.5
1.7,90.4,73.1,68.9,8.9,Yes,,Master,3.6,Yes,Male,15,64.3
6.0,88.1,62.6,75.4,8.0,Yes,High,Master,15.6,No,Male,17,72.4
9.7,89.9,82.1,45.1,8.0,Yes,High,Master,25.1,No,Female,22,76.0
5.7,71.8,55.4,67.1,5.3,Yes,High,Doctorate,15.9,Yes,Male,21,59.6
6.7,90.9,77.1,80.4,5.6,Yes,Low,High School,19.3,Yes,Female,15,71.4
7.3,56.0,77.6,63.2,4.0,Yes,High,Bachelor,18.4,Yes,Male,17,60.2
5.1,77.2,85.9,75.7,6.0,Yes,Medium,Bachelor,10.1,Yes,Male,15,70.0
6.6,50.3,100.0,80.4,8.1,Yes,Medium,Master,15.8,Yes,Female,15,75.0
6.3,66.2,75.9,70.9,7.6,Yes,Low,High School,15.8,No,Female,21,67.6
9.1,68.3,62.4,77.0,6.7,Yes,Low,Doctorate,19.1,Yes,Female,19,80.1
1.4,69.8,69.6,63.4,7.0,Yes,Medium,Bachelor,6.3,No,Male,19,55.8
3.5,84.8,43.5,72.5,6.2,Yes,Medium,Master,9.0,No,Male,20,44.7
9.6,69.4,59.6,82.3,7.2,Yes,Low,High School,24.8,Yes,Male,22,67.6
9.0,72.4,63.9,76.9,7.9,No,Low,High School,25.2,Yes,Female,15,67.5
5.1,61.9,62.1,68.0,5.1,Yes,Medium,Master,11.5,Yes,Male,22,59.4
6.6,68.7,72.3,77.7,7.4,No,Low,High School,17.6,Yes,Female,20,62.3
3.5,61.4,57.7,83.6,8.1,Yes,High,Master,8.5,No,Female,20,61.0
2.7,53.7,86.8,50.4,6.5,Yes,Low,High School,6.4,Yes,Male,20,51.3
5.2,80.2,70.0,88.9,7.8,No,Low,Bachelor,11.5,No,Female,20,62.0
4.2,83.4,69.9,71.0,10.0,Yes,Medium,High School,13.8,Yes,Female,18,66.5
6.3,81.0,65.1,80.1,6.9,Yes,Medium,Bachelor,15.0,No,Female,21,62.2
1.7,73.2,72.3,89.4,7.5,Yes,Medium,Bachelor,5.6,No,Male,21,64.5
9.8,69.0,82.4,58.5,6.1,Yes,Medium,High School,20.7,No,Male,18,65.4
9.9,93.2,57.0,66.5,7.2,No,High,High School,27.1,Yes,Male,15,74.4
7.3,,60.1,71.5,7.6,Yes,Medium,High School,20.4,Yes,Male,18,61.2
5.8,74.0,65.4,65.6,7.2,Yes,Low,Bachelor,14.7,No,Female,15,59.4
3.8,51.3,49.8,95.8,5.8,Yes,Medium,Bachelor,9.0,Yes,Female,19,59.2
8.3,67.1,57.7,64.7,7.2,Yes,High,Bachelor,21.6,Yes,Male,21,62.0
7.2,69.0,62.9,68.3,8.8,Yes,Medium,Bachelor,22.6,No,Female,16,64.5
2.5,69.9,83.1,77.5,7.5,Yes,Low,Bachelor,2.7,No,Female,17,65.6
9.2,79.0,73.9,60.6,8.2,Yes,Medium,High School,24.6,No,Male,21,73.2
8.4,76.7,72.9,70.3,6.7,Yes,Medium,High School,19.2,No,Male,18,72.2
9.5,80.4,82.8,78.8,7.9,Yes,Medium,High School,23.7,No,Female,18,76.9
7.5,88.2,67.9,71.0,7.3,Yes,Low,Doctorate,18.3,No,Female,19,68.1
6.5,90.6,75.9,73.9,5.9,Yes,Low,Master,15.4,No,Female,18,78.5
4.8,85.9,68.5,68.6,7.4,Yes,Medium,High School,12.0,No,Male,15,65.7
9.4,97.8,74.0,56.8,5.8,Yes,Low,Bachelor,21.2,No,Male,15,65.6
8.8,50.9,61.3,78.9,6.2,Yes,Medium,Master,24.1,Yes,Male,16,68.0
1.4,59.8,33.4,96.1,7.2,No,Medium,Bachelor,1.0,Yes,Female,16,46.3
1.2,50.4,68.0,75.2,7.4,Yes,Low,High School,4.1,No,Female,21,51.8
4.4,82.4,91.3,77.7,5.6,No,High,High School,10.3,No,Male,16,64.4
8.3,94.9,83.9,83.3,8.3,Yes,High,Bachelor,18.4,Yes,Female,15,79.7
9.9,62.2,84.5,59.8,7.7,Yes,Medium,Doctorate,25.2,No,Female,22,81.9
2.4,96.4,,95.4,6.2,Yes,Low,Bachelor,2.9,Yes,Female,20,74.8
6.3,53.0,71.3,77.4,5.2,No,Low,High School,15.8,No,Female,20,50.6
,96.7,73.0,94.6,6.8,Yes,Medium,High School,8.2,No,Male,16,74.9
9.7,67.6,60.7,66.2,6.5,No,Low,Master,25.2,No,Female,16,68.2
8.6,55.1,65.3,96.8,7.1,No,High,Master,19.7,Yes,Male,15,71.8
8.5,74.3,79.2,84.3,6.6,Yes,Low,Bachelor,20.3,No,Male,19,77.3
5.2,62.8,88.1,81.6,4.6,Yes,Medium,Bachelor,13.6,Yes,Female,21,67.3
4.7,64.2,67.9,77.8,6.5,Yes,Medium,High School,10.2,Yes,Female,18,60.3
,65.4,63.2,72.0,6.6,Yes,Medium,Master,8.6,Yes,Female,21,64.7
1.5,90.2,70.0,89.4,7.8,Yes,Low,Master,1.0,No,Female,17,61.8
8.8,77.0,79.0,76.7,6.2,Yes,Medium,High School,23.3,No,Female,20,65.8
8.3,65.6,48.3,51.4,9.0,Yes,Low,Bachelor,24.3,Yes,Female,22,56.1
10.0,80.5,35.6,61.6,4.7,Yes,High,High School,30.0,No,Male,20,56.7
10.0,85.8,61.7,72.8,8.6,Yes,Low,High School,25.2,No,Female,15,74.3
6.0,63.6,51.7,78.7,6.7,Yes,High,High School,16.6,No,Male,21,59.1
7.9,70.7,62.4,74.3,8.0,Yes,High,High School,16.2,No,Male,22,64.8
9.5,56.1,67.8,89.6,7.1,Yes,Low,High School,26.8,Yes,Male,15,76.4
8.6,59.1,63.2,51.6,8.4,Yes,Medium,Bachelor,23.1,No,Female,17,61.7
3.2,84.1,91.8,76.7,6.5,Yes,Low,Bachelor,7.0,No,Female,22,65.3
5.1,59.1,74.9,53.2,5.7,Yes,,Bachelor,15.2,Yes,Female,21,64.7
2.2,76.3,74.5,84.1,8.7,Yes,Medium,High School,5.0,Yes,Female,22,64.6
9.6,85.5,79.3,73.9,6.9,Yes,Medium,High School,23.1,Yes,Male,17,76.3
6.5,55.3,52.9,80.0,7.3,Yes,Medium,Bachelor,17.2,Yes,Female,16,61.7
3.1,78.4,85.6,64.6,8.5,Yes,Low,High School,5.6,No,Female,21,58.3
7.0,,68.9,90.4,5.8,No,High,High School,19.5,No,Female,17,65.4
6.6,98.1,80.1,87.5,7.7,Yes,Low,Master,14.4,No,Female,18,75.9
4.2,74.2,53.9,82.0,6.3,Yes,Medium,Bachelor,8.4,No,Female,18,57.3
2.0,90.3,46.7,73.4,6.8,Yes,Medium,Master,3.2,Yes,Female,20,58.2
7.0,77.5,82.3,82.0,7.1,Yes,High,Bachelor,19.0,No,Female,18,75.7
5.7,52.2,75.6,66.5,5.2,Yes,Low,High School,13.0,Yes,Male,21,64.4
8.0,81.7,56.5,85.3,6.1,Yes,Medium,Bachelor,17.3,No,Female,18,67.4
5.7,97.6,57.0,94.8,8.6,Yes,Medium,High School,13.0,Yes,Male,18,73.0
8.7,80.1,86.9,87.8,8.1,Yes,,Bachelor,21.7,No,Male,22,82.3
6.0,91.0,52.2,66.2,6.9,Yes,Low,High School,12.6,Yes,Female,16,58.0
6.0,94.2,94.6,79.3,7.3,Yes,Low,Master,12.7,Yes,Male,20,78.2
8.9,61.4,56.5,59.5,6.6,No,Low,High School,26.5,Yes,Female,15,54.3
4.6,60.6,79.6,81.9,8.6,Yes,Medium,Master,9.8,No,Male,20,70.4
2.2,80.5,65.1,80.4,6.8,Yes,Low,Master,4.9,No,Male,20,58.5
1.3,70.6,,52.6,7.3,Yes,Medium,Bachelor,2.5,Yes,Male,20,53.4
7.8,92.0,61.8,61.1,8.4,Yes,Low,Bachelor,18.7,No,Male,17,68.4
6.6,95.0,67.6,71.6,6.1,Yes,High,Bachelor,17.7,No,Female,15,62.6
7.3,67.7,70.6,71.4,8.9,Yes,High,Master,20.1,No,Male,17,67.6
2.9,61.8,55.0,60.5,5.2,Yes,Medium,Bachelor,6.6,No,Male,16,53.1
2.2,89.0,81.1,79.7,9.0,Yes,Medium,Master,3.0,Yes,Male,16,69.3
1.1,63.7,62.3,78.0,6.6,Yes,Low,Bachelor,5.3,Yes,Male,19,53.4
4.2,91.1,66.6,72.7,6.7,Yes,Low,Master,10.3,No,Female,19,62.9
6.3,71.2,55.1,65.9,4.7,Yes,Low,Bachelor,19.2,No,Male,22,56.9
4.5,83.4,31.6,87.6,6.5,Yes,,Bachelor,6.8,No,Female,16,47.2
4.9,54.8,67.1,94.9,5.8,Yes,Medium,Master,12.6,No,Female,16,64.4
9.1,81.2,100.0,69.2,6.3,Yes,High,Master,26.6,Yes,Female,17,89.8
4.1,72.6,81.8,67.7,6.8,Yes,,Bachelor,9.5,No,Female,22,61.6
5.6,79.3,,80.9,8.1,Yes,Medium,High School,13.5,Yes,Male,16,66.2
8.1,58.4,66.1,70.7,7.2,Yes,Medium,Bachelor,20.8,No,Male,21,63.3
4.6,86.8,70.3,73.3,7.4,Yes,Medium,Doctorate,10.4,No,Female,15,65.4
6.6,,78.2,83.9,5.7,Yes,Low,Master,15.9,No,Female,17,70.5
8.8,60.8,52.3,52.1,5.9,Yes,Medium,Master,21.3,No,Female,16,59.5
9.5,54.8,86.7,90.8,9.2,No,Medium,High School,22.5,Yes,Female,17,80.0
2.3,51.2,80.7,75.9,6.1,Yes,Medium,Bachelor,8.2,Yes,Male,17,64.2
9.3,82.1,,70.1,9.0,Yes,High,Bachelor,24.2,No,Male,18,72.7
5.4,80.4,76.6,73.9,6.7,Yes,Medium,Master,14.0,No,Female,22,66.4
3.3,77.3,70.3,74.5,7.0,Yes,Low,High School,9.9,Yes,Female,19,59.3
5.1,,80.1,54.2,8.3,Yes,Medium,Master,12.2,No,Male,22,64.3
9.8,69.5,78.9,92.9,8.5,Yes,Medium,Bachelor,23.0,No,Female,17,77.1
5.4,79.7,,75.5,6.9,No,Low,High School,12.3,Yes,Male,22,64.3
4.0,74.8,61.4,80.3,6.5,No,Medium,High School,10.0,Yes,Male,20,63.2
6.7,99.4,71.5,86.4,6.9,Yes,High,High School,14.6,No,Female,21,68.9
3.2,56.8,93.2,62.7,7.4,Yes,High,Bachelor,7.0,No,Female,21,63.1
1.7,84.8,51.4,80.7,8.1,No,Low,High School,3.2,No,Female,17,48.6
2.2,70.2,48.0,71.8,7.0,Yes,High,High School,9.7,No,Male,20,60.6
2.2,71.4,72.5,85.2,7.7,Yes,Medium,Master,1.0,Yes,Male,21,62.3
2.4,85.9,70.8,49.5,9.0,Yes,Medium,High School,5.6,No,Female,18,61.1
2.2,84.6,72.6,73.8,7.5,Yes,Medium,High School,9.0,Yes,Male,16,55.8
6.8,99.6,73.7,67.8,7.4,Yes,High,Bachelor,17.2,Yes,Female,17,67.3
2.6,56.4,66.7,80.2,5.2,Yes,Medium,Bachelor,8.0,No,Female,18,54.2
4.1,55.2,92.3,80.6,4.0,Yes,Medium,Master,10.4,No,Female,22,65.4
9.1,86.2,,66.5,7.5,Yes,Medium,Bachelor,21.4,Yes,Male,15,62.0
5.3,,57.6,66.5,6.9,Yes,Medium,Master,8.8,Yes,Female,22,57.2
7.0,63.7,68.5,73.7,6.4,Yes,Low,Bachelor,17.9,No,Male,18,60.9
2.6,54.0,45.4,64.2,7.3,Yes,High,High School,4.9,No,Male,19,51.1
2.7,,67.4,85.1,6.9,Yes,Medium,High School,5.1,No,Male,19,63.3
1.4,94.7,94.9,70.6,8.4,Yes,Medium,Bachelor,2.5,No,Male,16,71.5
2.5,59.6,70.3,40.1,7.1,No,Low,High School,9.7,No,Female,22,47.7
3.5,66.2,73.5,70.5,6.1,No,Medium,Bachelor,13.6,No,Male,20,58.5
2.6,61.3,51.1,62.5,8.2,Yes,,Bachelor,6.9,Yes,Male,16,47.0
1.8,67.7,60.8,55.4,6.7,Yes,Low,High School,3.6,Yes,Female,21,44.5
2.1,53.5,64.4,60.2,7.6,Yes,Medium,High School,2.9,Yes,Male,20,52.8
5.1,76.0,65.2,76.3,6.4,Yes,Medium,High School,13.7,No,Female,20,57.0
2.9,53.4,89.2,90.9,6.2,No,Medium,Bachelor,10.8,No,Male,20,62.4
4.3,90.0,78.4,78.8,7.1,No,Low,Bachelor,10.3,No,Male,20,69.8
5.5,61.7,53.3,67.7,7.0,Yes,Medium,Bachelor,9.0,Yes,Female,19,64.4
7.2,77.0,73.7,80.5,7.6,Yes,Low,High School,19.3,Yes,Male,22,71.8
1.4,94.0,77.5,69.5,6.7,Yes,High,Bachelor,5.5,Yes,Female,21,66.8
8.2,82.5,87.1,66.7,4.8,Yes,Medium,Master,17.3,Yes,Male,19,74.0
6.7,,93.7,61.1,6.5,Yes,Medium,High School,17.1,No,Male,17,65.5
1.7,66.2,54.8,54.0,8.0,Yes,Medium,Bachelor,5.2,No,Male,21,49.4
8.9,66.7,57.8,70.3,6.6,Yes,Low,Doctorate,22.1,No,Male,19,67.3
9.3,83.5,51.1,76.9,6.7,Yes,High,High School,21.7,No,Male,16,66.6
1.5,99.7,66.5,73.8,8.2,Yes,Low,Bachelor,5.8,No,Female,19,57.1
3.5,83.1,77.0,70.0,6.1,Yes,Medium,High School,7.9,No,Male,21,65.8
8.3,77.9,84.8,63.7,5.1,Yes,Medium,Bachelor,17.8,Yes,Male,21,68.5
7.7,86.5,,82.3,6.8,Yes,Low,High School,15.2,No,Male,16,66.3
,73.3,65.2,59.2,6.4,Yes,High,Doctorate,9.3,No,Female,15,52.2
2.9,53.0,72.3,84.3,5.8,Yes,Medium,Bachelor,8.5,No,Female,22,60.7
4.3,78.1,57.5,63.0,6.8,No,Low,Master,10.9,Yes,Female,21,50.1
5.4,97.9,100.0,66.0,7.6,Yes,Low,Bachelor,12.6,Yes,Female,19,72.7
6.6,58.8,45.9,57.4,7.0,Yes,Low,Bachelor,15.4,Yes,Male,16,49.5
4.3,84.5,72.8,69.0,7.4,Yes,High,Bachelor,8.6,No,Male,20,63.2
5.2,60.0,100.0,86.7,9.2,Yes,Medium,Master,12.1,Yes,Female,22,73.1
7.7,76.8,70.1,81.2,6.6,No,Low,Doctorate,15.0,No,Female,21,69.4
1.3,54.8,67.1,86.7,7.3,Yes,Low,Bachelor,1.8,No,Male,22,61.2
3.3,72.5,64.6,81.3,6.4,No,Medium,Master,7.6,Yes,Male,22,60.5
7.4,87.8,67.3,61.8,6.0,Yes,Medium,Bachelor,19.7,No,Female,18,70.9
9.1,67.4,90.6,71.0,6.3,No,Medium,Bachelor,22.7,No,Female,22,79.9
5.6,83.2,36.8,65.6,6.4,Yes,Medium,Bachelor,15.6,No,Male,20,54.6
5.8,89.8,93.0,91.0,7.4,No,Low,High School,17.2,No,Female,17,75.7
2.0,96.4,48.6,60.6,9.8,Yes,Medium,High School,7.1,Yes,Male,22,51.2
5.0,61.7,66.0,85.7,6.1,Yes,High,High School,13.4,Yes,Male,21,67.6
5.8,70.0,63.6,85.7,6.5,Yes,Low,Bachelor,14.5,No,Male,16,62.4
3.2,57.6,78.8,97.0,6.9,No,Medium,High School,6.0,No,Male,20,57.3
3.4,99.6,46.0,70.1,7.5,Yes,Medium,Bachelor,10.0,No,Male,19,56.0
4.4,96.4,76.9,83.5,7.3,Yes,Medium,Doctorate,14.4,No,Female,19,66.7
1.2,77.0,100.0,100.0,8.5,No,Low,High School,3.7,No,Male,21,67.3
3.9,92.1,49.6,67.6,4.1,Yes,High,Bachelor,13.6,No,Female,15,54.1
2.9,76.0,72.8,56.6,4.1,Yes,Medium,High School,4.2,No,Male,18,53.9
3.9,81.2,60.1,52.4,6.4,Yes,Medium,High School,7.4,No,Male,21,46.6
2.1,54.5,76.4,83.6,8.3,Yes,Medium,Master,7.0,Yes,Female,16,64.1
9.0,87.8,70.3,52.4,5.1,No,Low,Bachelor,23.0,No,Female,20,66.9
6.3,56.4,60.4,70.5,4.0,Yes,Low,Master,18.4,Yes,Female,18,54.6
7.1,91.3,77.3,80.2,7.7,Yes,Medium,High School,17.7,No,Female,15,77.8
8.1,89.1,97.1,77.2,7.3,No,Low,Bachelor,18.5,Yes,Male,21,73.0
5.5,85.4,67.1,80.1,5.7,Yes,Medium,High School,13.3,No,Male,17,73.1
1.8,51.8,80.8,77.7,5.8,Yes,Medium,High School,1.4,No,Female,18,57.2
5.8,65.2,50.6,90.3,5.8,Yes,Medium,High School,12.2,Yes,Female,15,61.5
6.3,63.2,55.7,63.6,7.1,Yes,Medium,High School,17.7,No,Female,21,48.8
7.7,68.0,77.1,66.9,6.2,Yes,Medium,High School,21.0,Yes,Female,22,68.0
4.9,54.4,92.3,65.7,7.6,No,Low,High School,13.0,No,Female,21,64.7
2.1,96.8,75.3,85.0,4.0,Yes,Medium,Doctorate,1.8,Yes,Male,16,65.9
3.6,77.7,65.3,85.8,6.0,Yes,Medium,High School,8.3,Yes,Female,21,60.1
4.3,65.3,70.0,80.4,5.6,Yes,Medium,High School,8.3,Yes,Female,17,58.7
6.8,69.8,51.2,89.2,6.7,Yes,Low,High School,19.4,No,Female,21,66.1
6.1,72.4,79.1,60.9,6.4,No,Medium,Bachelor,14.1,Yes,Male,19,64.3
4.2,80.0,83.2,95.0,8.0,No,Low,High School,8.3,No,Male,15,75.6
9.9,75.8,63.2,93.3,4.8,Yes,Low,Master,24.8,Yes,Male,22,72.5
6.5,96.0,62.9,83.8,7.1,Yes,Low,Doctorate,15.0,Yes,Male,19,68.3
3.1,74.8,74.0,96.4,7.7,Yes,High,High School,10.7,Yes,Female,21,72.0
1.9,99.6,63.4,55.1,9.2,Yes,Low,Bachelor,3.3,Yes,Male,17,48.1
2.4,92.6,69.0,68.7,6.4,Yes,Low,High School,3.2,No,Male,15,52.1
3.2,60.4,100.0,66.2,7.4,Yes,Low,Bachelor,3.7,No,Male,15,71.0
2.4,96.5,66.3,83.7,4.8,Yes,Low,Bachelor,5.9,No,Female,21,55.4
2.7,55.8,64.6,62.4,4.1,Yes,Medium,High School,5.6,Yes,Female,17,44.2
3.6,90.9,60.3,84.1,8.0,Yes,Low,High School,6.1,Yes,Male,16,69.0
2.6,69.0,81.2,91.4,7.0,Yes,Low,Bachelor,8.9,No,Male,22,60.4
9.1,93.9,67.3,83.3,8.4,Yes,Medium,Bachelor,24.1,No,Male,15,75.7
1.7,93.4,60.3,78.4,5.4,Yes,Medium,High School,4.2,Yes,Female,22,56.9
5.7,90.3,89.8,63.1,7.6,Yes,Medium,Bachelor,17.0,No,Male,17,59.7
4.7,89.5,91.3,64.8,9.2,No,Medium,Bachelor,13.1,Yes,Female,18,68.9
9.8,65.2,61.0,90.0,7.5,Yes,Low,Master,22.9,Yes,Male,19,75.0
2.0,54.0,42.0,84.4,7.3,Yes,Medium,High School,2.9,No,Male,15,49.7
4.6,70.1,85.1,74.5,7.0,Yes,Low,Master,13.1,Yes,Female,18,72.2
9.7,58.7,59.7,70.0,5.1,Yes,Medium,Bachelor,25.0,No,Male,15,63.3
8.8,84.7,81.9,50.7,8.6,No,Medium,High School,22.3,Yes,Female,16,71.8
8.4,67.3,40.4,62.1,6.3,Yes,Low,Bachelor,19.3,No,Male,21,51.5
3.3,98.8,83.4,97.9,7.6,Yes,Medium,Bachelor,9.5,Yes,Female,17,69.2
2.5,82.0,51.8,59.6,5.1,No,High,Master,4.7,No,Female,15,43.7
7.0,91.1,81.0,77.3,5.6,Yes,High,High School,17.3,Yes,Female,17,68.1
9.4,56.6,70.2,87.1,8.7,Yes,Medium,Bachelor,26.4,No,Male,20,77.9
6.0,93.1,55.7,59.9,6.6,Yes,Medium,High School,13.7,No,Male,15,51.6
6.1,96.1,63.9,77.2,8.7,Yes,Low,Doctorate,12.1,No,Male,16,68.9
3.5,74.4,80.3,86.3,6.9,Yes,Low,High School,6.6,No,Female,16,64.6
7.9,80.3,71.6,75.1,4.8,Yes,Medium,Doctorate,21.7,No,Female,21,70.3
2.7,88.2,78.8,100.0,8.1,Yes,Medium,Master,7.3,Yes,Male,21,78.2
3.9,58.7,99.6,55.0,6.3,No,High,High School,9.5,Yes,Male,18,62.9
4.8,75.1,46.5,87.7,7.8,Yes,Medium,Master,11.0,Yes,Male,16,63.1
5.6,69.9,94.3,72.9,7.0,Yes,Medium,Doctorate,15.0,Yes,Male,17,75.2
3.2,57.3,71.6,84.3,5.1,Yes,Medium,High School,6.3,No,Male,20,59.4
2.0,68.4,56.5,80.3,7.2,Yes,High,Bachelor,5.6,Yes,Male,22,65.7
6.5,53.4,50.0,66.2,9.6,Yes,Medium,Bachelor,14.8,No,Female,16,50.7
3.6,51.3,67.2,77.7,7.6,No,Medium,High School,7.2,No,Female,15,61.5
6.2,56.8,83.8,52.7,6.9,Yes,,High School,14.2,No,Female,22,65.2
2.4,98.2,68.1,82.2,8.3,Yes,High,High School,5.2,No,Male,22,61.6
5.3,77.5,92.7,78.6,7.3,Yes,Low,High School,13.2,Yes,Female,16,79.4
5.8,98.3,48.2,82.7,7.3,Yes,High,Bachelor,15.0,No,Female,20,55.7
1.5,71.6,69.8,87.7,5.7,No,Medium,High School,1.0,Yes,Male,17,56.0
4.0,65.6,51.2,79.4,7.3,Yes,Medium,Master,8.4,No,Female,15,51.7
2.2,75.3,75.5,76.8,8.2,No,Medium,Bachelor,4.7,No,Male,18,61.7
1.6,72.0,83.3,64.4,6.0,Yes,Medium,High School,7.0,No,Male,18,53.7
9.9,55.3,63.7,66.5,8.7,Yes,Low,Bachelor,22.6,Yes,Male,18,69.0
3.9,82.0,30.9,89.2,6.9,Yes,High,Bachelor,10.1,Yes,Male,21,53.6
8.3,60.8,73.0,92.2,5.9,Yes,Medium,Doctorate,23.7,Yes,Female,15,73.9
3.3,81.0,76.6,72.1,8.2,Yes,Medium,High School,5.6,Yes,Male,22,65.3
7.1,82.5,76.1,75.6,6.7,Yes,Low,High School,18.5,Yes,Male,18,68.6
7.8,57.6,88.5,64.1,7.9,Yes,Medium,Master,17.9,No,Male,21,67.8
6.4,53.1,53.9,89.1,6.6,Yes,Medium,Master,15.0,Yes,Female,16,74.9
,89.0,80.2,83.0,6.9,Yes,Medium,Bachelor,11.4,No,Male,22,69.2
4.7,73.0,87.9,98.3,7.6,Yes,Medium,Master,10.3,No,Female,15,67.4
4.1,52.9,43.3,64.5,7.3,No,Medium,High School,15.7,No,Female,15,42.2
9.4,99.7,74.8,70.5,4.6,Yes,High,Bachelor,25.2,Yes,Male,15,70.5
8.5,52.9,62.4,77.8,5.7,Yes,Medium,High School,23.5,Yes,Male,19,68.8
9.7,84.8,68.8,82.8,8.1,Yes,High,High School,25.2,No,Female,21,76.9
2.1,99.2,75.2,72.4,6.8,Yes,Low,Master,2.0,Yes,Male,22,64.5
7.6,62.0,62.7,64.5,6.4,Yes,Medium,High School,19.8,No,Male,17,59.5
9.4,57.1,59.9,85.6,5.4,Yes,Medium,Bachelor,25.6,Yes,Female,19,68.2
2.6,56.1,70.5,83.7,5.7,Yes,,Master,4.8,No,Male,19,58.7
1.6,65.2,53.7,64.0,4.6,No,High,High School,5.9,No,Male,19,45.2
7.7,55.1,53.7,91.3,6.9,Yes,Low,Doctorate,20.7,No,Male,17,69.0
6.2,84.6,80.2,89.0,6.3,Yes,Low,Doctorate,19.2,Yes,Male,19,76.6
8.6,53.1,52.8,76.6,5.8,Yes,High,Bachelor,20.7,Yes,Female,18,65.9
2.3,75.5,80.0,76.0,6.9,Yes,Low,High School,3.6,No,Female,15,62.9
8.2,99.8,76.9,81.6,7.4,Yes,Medium,High School,19.8,No,Female,22,79.1
2.8,90.7,44.1,64.7,9.5,Yes,Medium,Bachelor,9.9,Yes,Female,22,53.2
2.5,80.8,59.8,75.4,5.2,Yes,High,High School,2.6,Yes,Male,15,58.2
2.5,65.3,87.9,49.2,8.4,Yes,Low,High School,2.1,Yes,Male,21,62.9
8.3,81.2,55.3,85.5,8.2,Yes,Low,Doctorate,20.9,No,Male,16,66.4
7.0,76.4,63.0,56.3,6.1,Yes,Medium,High School,16.6,Yes,Male,20,56.8
5.7,71.3,76.9,93.0,7.2,Yes,High,Bachelor,14.3,No,Female,18,68.0
4.2,56.5,81.8,71.0,6.5,Yes,Medium,High School,12.4,No,Female,17,63.4
8.9,94.3,66.2,72.5,7.2,No,Medium,Bachelor,21.1,No,Male,20,61.7
4.5,72.5,61.0,67.5,8.8,No,Medium,Master,7.5,No,Male,15,59.4
8.3,59.7,91.3,71.5,7.7,Yes,High,High School,24.8,No,Male,19,75.0
5.0,68.4,96.1,92.0,7.6,Yes,High,High School,10.5,No,Male,22,81.6
4.4,70.7,84.7,45.1,6.5,Yes,High,Bachelor,8.9,Yes,Male,21,59.1
5.2,91.4,71.3,90.3,5.2,Yes,Low,Bachelor,15.2,Yes,Female,21,68.4
3.7,86.7,57.9,79.1,6.7,Yes,Low,Bachelor,8.5,No,Female,16,62.8
7.7,88.5,57.5,60.5,8.4,Yes,Medium,High School,19.1,No,Female,16,67.5
5.5,50.6,77.8,62.1,5.2,Yes,High,High School,14.7,No,Male,15,58.4
3.1,70.8,76.3,95.1,5.7,Yes,Low,Doctorate,9.9,Yes,Male,18,68.9
9.1,74.1,91.0,63.7,7.2,Yes,Low,Master,22.1,No,Female,21,76.7
4.5,51.0,79.8,61.2,5.8,No,Medium,Bachelor,14.3,Yes,Female,20,60.6
5.9,63.0,47.5,88.6,6.0,Yes,Low,Master,10.5,No,Female,16,58.0
9.2,88.0,85.8,79.1,6.5,Yes,Medium,Bachelor,24.5,Yes,Female,22,85.1
6.6,56.9,55.0,63.7,5.4,Yes,Medium,Bachelor,14.8,No,Female,22,48.5
2.1,,64.2,77.6,5.8,Yes,Medium,High School,8.0,Yes,Female,15,55.3
9.5,60.8,73.8,62.7,7.8,Yes,Medium,Bachelor,24.0,Yes,Male,18,72.0
6.6,50.6,99.9,88.2,5.4,Yes,Medium,Bachelor,15.2,No,Female,15,79.1
4.0,62.1,100.0,87.7,5.1,No,Medium,High School,11.3,Yes,Male,15,77.3
2.3,98.8,79.1,81.4,6.2,Yes,Medium,Bachelor,7.5,No,Male,18,70.5
8.1,90.1,67.3,79.3,7.9,Yes,Medium,Master,21.5,No,Female,18,71.2
6.6,98.0,78.0,96.1,6.8,Yes,Medium,Bachelor,14.4,No,Male,18,82.2
5.8,74.4,83.3,75.0,6.4,Yes,Low,Bachelor,13.5,Yes,Male,22,66.7
9.0,55.5,65.2,60.8,7.1,Yes,Low,Master,22.5,No,Male,22,67.4
8.1,77.4,96.9,80.4,4.9,No,Low,High School,20.2,No,Male,15,83.0
2.4,72.7,73.5,100.0,7.6,No,Low,Bachelor,7.5,No,Male,16,68.8
3.8,92.2,77.5,62.8,7.5,Yes,Medium,Master,5.5,No,Male,17,64.5
3.2,54.9,80.0,70.7,6.5,Yes,High,Bachelor,8.7,Yes,Male,17,61.4
7.7,74.4,76.3,80.0,8.2,Yes,Medium,High School,18.7,Yes,Male,15,66.8
1.3,57.5,82.6,74.4,5.6,Yes,Medium,High School,1.6,Yes,Female,15,60.4
6.1,66.2,60.7,63.2,8.4,No,Medium,Master,13.8,Yes,Male,16,55.0
7.9,86.9,61.6,88.5,7.2,Yes,Medium,Bachelor,19.3,Yes,Male,18,68.6
8.9,73.8,53.5,100.0,6.6,Yes,Medium,Master,15.0,No,Female,15,67.1
4.1,68.8,76.6,77.4,7.0,Yes,Low,Bachelor,8.8,No,Female,21,61.7
8.4,69.7,81.7,64.2,6.9,Yes,Low,Bachelor,19.2,Yes,Female,22,70.7
2.0,73.0,76.9,56.4,8.5,No,Medium,Master,6.1,No,Male,19,56.9
8.6,89.3,95.1,78.1,5.7,Yes,High,Bachelor,19.9,No,Female,18,79.3
2.1,94.6,69.9,88.2,6.1,Yes,Low,High School,4.8,No,Female,21,65.9
4.6,97.8,80.0,80.7,8.2,Yes,Low,Bachelor,14.6,No,Female,22,69.1
8.2,89.3,53.6,75.0,6.3,Yes,Medium,Master,22.5,No,Female,15,62.6
2.3,65.8,64.2,67.9,8.1,Yes,Low,High School,7.6,Yes,Female,19,54.9
3.1,84.4,80.4,61.9,9.0,Yes,High,High School,6.8,Yes,Female,21,71.8
7.5,71.9,82.7,85.0,6.5,Yes,Medium,High School,19.8,Yes,Female,20,76.3
7.5,62.7,65.6,86.0,7.8,Yes,High,Master,18.3,No,Male,16,69.1
6.8,92.0,68.9,56.5,5.6,Yes,Medium,High School,16.6,Yes,Female,22,57.2
7.2,51.9,47.2,94.1,7.9,Yes,Medium,Bachelor,18.8,No,Female,19,61.9
5.9,95.1,64.6,81.9,7.2,Yes,Medium,Bachelor,13.6,Yes,Male,15,69.4
3.3,73.1,83.4,91.8,7.6,Yes,Medium,Bachelor,11.2,No,Female,17,68.2
4.1,81.9,78.6,58.9,6.2,Yes,Medium,Bachelor,9.9,Yes,Male,21,55.8
2.6,83.0,77.5,58.6,5.0,Yes,Low,High School,7.7,Yes,Male,15,53.7
9.2,94.8,70.7,73.2,7.6,Yes,Medium,Bachelor,25.9,Yes,Female,17,80.3
6.3,81.8,70.1,81.0,4.5,Yes,Medium,Master,17.8,Yes,Male,16,74.7
4.6,80.7,60.1,96.6,6.6,No,High,Master,8.7,Yes,Male,16,62.9
5.2,53.3,80.5,83.5,8.1,Yes,Medium,High School,13.9,No,Male,18,70.3
9.5,75.9,76.3,72.1,7.2,Yes,Medium,Master,25.5,Yes,Male,21,70.7
2.4,57.5,,62.7,9.3,Yes,Low,Bachelor,7.8,Yes,Male,18,63.7
6.3,86.9,62.1,89.8,8.2,Yes,Medium,Master,13.5,No,Male,17,70.7
5.6,75.6,37.7,63.4,6.2,Yes,Medium,Bachelor,12.7,Yes,Male,17,55.2
6.5,84.0,86.5,94.5,7.0,Yes,High,Bachelor,18.2,No,Female,16,72.2
1.2,52.1,62.8,71.6,6.9,Yes,High,Master,1.5,No,Female,19,55.8
8.8,54.2,57.1,94.1,5.1,Yes,Low,Master,21.4,Yes,Male,17,68.7
9.4,85.8,80.4,83.1,5.9,Yes,High,Bachelor,26.7,Yes,Female,17,83.4
6.1,53.6,64.1,73.4,6.3,Yes,Low,High School,15.2,Yes,Male,21,63.7
7.3,53.6,85.9,68.8,4.6,Yes,Medium,High School,16.8,No,Male,19,68.1
9.3,50.6,79.3,70.9,7.1,Yes,Medium,High School,21.5,No,Male,18,68.2
7.4,97.8,80.3,80.1,6.7,Yes,Low,High School,19.2,No,Female,18,76.5
2.4,86.9,49.5,75.9,5.0,No,Medium,High School,3.3,No,Female,17,49.6
6.2,67.7,88.2,67.9,7.5,Yes,Low,Master,15.0,Yes,Male,21,67.4
6.5,64.8,73.9,73.0,7.9,Yes,Low,High School,16.9,No,Male,18,61.4
4.8,67.5,64.5,75.9,7.3,No,Medium,Bachelor,14.6,No,Male,18,53.5
7.6,88.7,72.2,49.5,6.6,Yes,Medium,High School,20.3,No,Female,20,61.3
9.4,83.1,43.4,80.5,7.7,Yes,High,High School,22.1,No,Female,21,69.6
9.3,59.3,76.1,63.2,7.8,Yes,Medium,High School,25.6,No,Male,18,69.5
5.1,58.7,54.6,61.2,7.4,No,Medium,High School,12.2,Yes,Female,16,50.0
2.0,54.9,49.7,54.8,6.0,No,Medium,Master,2.5,Yes,Male,15,47.0
9.9,83.0,47.2,53.5,7.3,Yes,Low,Master,24.4,No,Female,17,56.7
8.6,88.2,86.7,58.7,8.4,Yes,Low,High School,24.4,Yes,Female,22,73.7
2.1,63.3,60.6,66.5,6.3,Yes,Medium,Bachelor,5.6,No,Male,17,51.0
9.3,51.0,93.0,98.4,9.5,Yes,Medium,Bachelor,23.3,Yes,Female,16,88.5
8.8,54.1,62.0,68.7,6.4,Yes,Medium,Master,25.3,No,Female,22,58.4
5.7,98.4,44.4,77.1,7.0,Yes,Medium,Master,11.4,No,Male,15,56.4
6.3,64.8,53.3,79.8,6.2,Yes,Medium,Bachelor,13.2,Yes,Male,15,54.6
4.6,88.5,88.5,76.6,7.3,Yes,Low,Bachelor,8.3,No,Female,16,69.5
1.5,81.2,67.7,74.1,4.9,Yes,Low,Master,4.5,No,Male,19,60.7
4.0,69.1,61.8,60.7,6.3,Yes,High,High School,10.3,No,Male,19,52.8
8.2,60.3,72.4,92.4,5.7,Yes,Medium,Bachelor,23.6,Yes,Male,15,71.6
1.0,56.1,77.5,96.7,7.2,No,High,Master,3.0,Yes,Female,19,67.4
4.0,80.8,86.8,54.8,8.2,Yes,Low,Bachelor,9.2,Yes,Female,19,68.3
4.6,88.7,91.7,62.7,7.8,Yes,High,Bachelor,11.5,Yes,Female,19,71.1
5.8,82.2,64.6,71.6,4.2,Yes,Low,Bachelor,14.7,No,Female,15,63.6
9.3,76.5,50.1,63.4,9.5,Yes,Low,High School,19.9,No,Male,22,57.0
4.1,52.1,63.8,81.1,7.4,No,High,Bachelor,15.7,No,Female,19,64.2
4.1,98.4,73.9,66.3,6.1,Yes,Low,Bachelor,11.3,No,Female,22,70.9
7.6,89.9,55.5,100.0,7.2,Yes,Medium,Bachelor,19.4,No,Male,17,73.4
5.1,64.6,55.6,89.3,7.2,Yes,Low,Bachelor,14.0,No,Male,20,52.3
3.0,99.0,75.2,77.6,6.2,Yes,Medium,Master,8.9,No,Male,15,63.3
5.1,80.1,69.3,87.3,7.2,Yes,High,High School,12.5,No,Female,16,70.1
2.3,79.1,70.5,88.3,6.3,Yes,Medium,Bachelor,4.5,No,Female,19,60.9
2.6,87.4,58.6,68.2,6.5,Yes,Medium,Bachelor,7.7,Yes,Female,18,60.9
5.5,90.6,66.5,65.2,6.2,Yes,,Bachelor,14.5,Yes,Female,15,64.6
4.8,82.8,56.1,75.9,5.3,Yes,Medium,High School,10.4,No,Male,21,55.2
9.2,56.4,83.4,85.3,7.2,No,Medium,Bachelor,25.8,No,Female,16,75.2
4.3,66.9,85.5,76.7,7.7,Yes,Low,Master,11.3,No,Female,20,64.2
6.2,96.4,42.3,56.1,7.6,No,Medium,Bachelor,17.0,No,Male,17,51.5
6.7,61.2,56.1,65.4,8.0,Yes,Low,Master,19.5,Yes,Female,22,57.3
1.1,68.6,47.6,74.1,7.4,Yes,High,Doctorate,2.8,No,Male,22,55.6
7.0,71.6,60.2,74.1,6.4,Yes,Medium,High School,18.1,Yes,Female,21,71.8
2.6,72.0,68.7,98.7,8.0,Yes,Low,High School,8.1,No,Female,16,57.7
9.6,80.6,48.3,58.4,5.4,Yes,Medium,Doctorate,22.6,No,Female,19,54.1
2.3,97.2,56.2,81.1,5.9,Yes,Medium,Doctorate,5.9,Yes,Female,18,59.0
4.7,62.0,54.9,92.9,5.8,Yes,Medium,High School,12.0,No,Male,19,53.7
1.8,56.1,73.1,100.0,8.3,Yes,High,High School,2.6,No,Female,16,64.6
10.0,59.9,71.0,70.1,8.1,Yes,Medium,High School,29.6,Yes,Male,15,74.2
5.5,94.3,59.2,80.9,7.6,Yes,High,Doctorate,10.9,No,Female,21,73.3
6.4,82.3,72.7,81.8,8.3,Yes,Medium,High School,13.4,No,Female,18,70.4
1.6,64.3,61.8,77.3,5.9,Yes,Low,Bachelor,6.6,No,Female,22,52.0
7.7,90.8,65.9,73.8,7.4,Yes,Medium,Master,20.7,Yes,Male,21,62.6
2.9,93.1,95.1,80.2,6.8,Yes,Medium,High School,5.2,Yes,Female,21,72.2
9.1,92.3,90.1,44.6,8.0,Yes,Medium,Bachelor,24.0,No,Female,18,73.2
2.8,95.9,50.5,83.2,6.9,Yes,High,High School,9.9,Yes,Female,22,60.9
2.7,62.6,82.4,76.5,6.5,Yes,Medium,Master,6.7,No,Male,22,60.9
1.3,87.8,82.2,72.3,7.6,Yes,High,High School,8.4,Yes,Male,16,61.8
5.2,73.0,52.8,99.6,8.1,Yes,Medium,Bachelor,9.6,No,Male,20,58.8
6.1,92.1,82.3,66.9,6.2,Yes,Medium,Bachelor,16.6,No,Female,20,60.3
1.6,86.4,93.1,70.2,6.9,Yes,Medium,High School,6.3,Yes,Female,19,61.5
8.0,88.8,53.2,98.9,5.7,Yes,Medium,High School,21.8,Yes,Female,16,64.0
5.1,82.8,56.2,65.0,4.0,Yes,High,Bachelor,12.3,No,Male,18,58.3
5.7,58.9,85.3,68.4,7.2,Yes,Medium,High School,13.7,No,Male,16,64.4
5.0,77.3,74.1,73.2,7.7,Yes,Low,Master,13.4,Yes,Female,18,64.1
4.6,99.2,78.3,85.1,7.3,No,Medium,Master,13.1,No,Female,21,66.2
6.0,96.9,75.1,77.5,4.7,Yes,Medium,Bachelor,16.2,Yes,Female,19,57.2
2.4,52.2,75.9,59.5,6.6,Yes,,Bachelor,8.1,Yes,Female,15,60.9
2.6,58.2,50.1,68.6,4.3,Yes,Low,Bachelor,4.5,No,Male,21,42.9
8.8,56.6,85.7,67.7,8.6,Yes,Medium,Master,21.5,Yes,Female,22,73.5
9.5,86.3,87.5,74.1,5.7,Yes,Medium,Bachelor,21.9,No,Female,15,72.5
4.4,90.9,66.6,80.1,8.5,Yes,Medium,High School,10.2,Yes,Male,16,69.3
3.4,60.7,69.3,80.0,8.1,No,Low,High School,10.5,Yes,Male,18,59.1
6.8,75.3,47.0,53.7,5.9,Yes,Low,Bachelor,17.2,Yes,Male,15,49.9
4.7,92.0,77.7,87.8,5.6,Yes,Medium,Bachelor,17.0,No,Male,21,68.6
1.2,86.6,78.6,78.0,7.4,No,Medium,Bachelor,3.4,No,Female,18,67.0
2.4,77.1,69.1,91.6,6.0,No,Low,High School,6.1,No,Male,19,58.8
7.4,79.5,86.9,80.3,7.1,Yes,Medium,Bachelor,18.7,Yes,Male,21,76.2
6.9,75.4,65.0,88.2,6.4,No,Medium,High School,16.0,Yes,Male,22,63.2
1.2,64.9,78.5,80.6,4.9,Yes,Low,High School,2.9,No,Female,16,49.9
3.0,78.3,54.7,91.2,4.3,No,Low,Bachelor,9.8,Yes,Male,18,55.5
3.1,84.4,69.6,81.3,7.3,Yes,Low,High School,8.0,No,Female,16,62.5
7.0,93.7,67.4,73.8,6.3,Yes,High,Bachelor,15.9,Yes,Male,18,74.2
1.2,81.8,73.4,100.0,6.3,Yes,Medium,High School,1.1,No,Male,21,55.0
1.9,88.1,64.5,85.7,7.8,Yes,Medium,Bachelor,3.8,Yes,Male,20,57.2
8.2,58.0,68.0,81.9,8.4,Yes,Medium,Bachelor,20.6,No,Male,20,67.3
2.6,73.1,82.4,59.7,6.7,Yes,Medium,High School,8.9,Yes,Male,18,59.9
6.9,50.5,63.4,59.5,6.6,Yes,Medium,High School,14.6,Yes,Male,19,58.1
3.1,62.3,,78.5,7.6,Yes,Medium,Master,7.1,Yes,Female,16,53.2
1.9,86.3,96.2,76.7,5.4,Yes,Low,Bachelor,5.0,Yes,Female,22,69.8
3.2,99.6,90.7,67.6,7.3,Yes,Medium,Bachelor,4.3,Yes,Male,17,66.0
7.5,55.0,50.6,76.7,7.7,Yes,Medium,High School,17.1,No,Male,18,63.3
8.7,70.1,80.3,94.1,7.8,Yes,Medium,Bachelor,20.4,No,Female,18,80.5
8.5,90.0,62.5,83.3,4.7,No,Medium,Bachelor,19.7,No,Female,20,66.9
4.6,60.2,74.0,61.3,6.1,Yes,Low,Bachelor,11.9,No,Male,15,64.6
7.0,77.8,74.4,73.7,5.9,Yes,Medium,Bachelor,17.2,No,Female,21,74.6
2.8,86.7,66.5,65.3,7.1,Yes,Medium,High School,5.9,Yes,Female,20,61.4
3.6,80.8,58.2,70.3,7.6,Yes,High,High School,9.9,No,Female,16,45.0
9.1,59.4,59.6,70.0,8.8,Yes,Medium,Master,26.2,Yes,Male,20,73.8
1.1,67.8,56.3,69.3,6.4,Yes,Medium,Master,6.0,No,Male,17,53.6
1.8,89.2,57.5,59.9,6.4,Yes,Medium,High School,1.0,Yes,Male,19,59.3
2.9,77.7,69.0,73.5,8.4,Yes,,Bachelor,8.4,Yes,Female,21,67.3
1.2,50.3,59.3,68.3,7.4,Yes,Medium,High School,2.6,No,Female,17,54.8
2.6,88.0,80.2,39.8,8.5,Yes,Medium,High School,6.8,Yes,Male,19,60.1
6.2,51.8,92.3,99.6,7.3,No,Medium,High School,14.7,No,Female,17,80.6
4.8,87.3,61.3,88.1,5.6,Yes,Medium,High School,12.2,No,Female,22,71.4
9.0,60.1,73.6,70.5,5.4,Yes,High,Bachelor,22.8,Yes,Female,21,71.8
8.4,97.9,77.5,75.2,5.1,Yes,Low,Bachelor,19.8,Yes,Female,20,67.7
4.1,68.4,77.1,60.9,7.8,Yes,Low,High School,8.5,No,Female,17,57.9
3.3,66.3,71.1,95.3,8.4,Yes,High,High School,7.4,No,Male,20,67.8
4.4,57.4,81.1,97.8,9.2,Yes,Medium,Master,11.5,Yes,Female,21,73.8
6.3,65.3,77.2,76.9,8.0,No,Medium,High School,16.9,No,Female,20,61.1
3.4,,51.4,87.3,8.4,Yes,Medium,Bachelor,10.2,No,Male,16,53.6
6.6,,83.0,77.1,6.3,Yes,Low,High School,15.5,Yes,Male,20,70.2
4.7,68.4,83.3,59.0,5.6,Yes,Medium,Bachelor,12.3,Yes,Female,15,66.8
6.0,72.4,58.6,70.1,8.0,Yes,Medium,High School,16.9,No,Male,17,66.2
4.9,86.1,70.6,76.6,7.5,Yes,Medium,High School,14.6,Yes,Female,21,69.5
3.7,94.3,80.2,69.5,7.1,Yes,Medium,High School,9.1,No,Male,18,69.1
9.5,79.7,66.9,72.4,7.5,Yes,High,High School,23.3,Yes,Male,18,71.8
7.9,69.6,86.1,73.9,7.4,Yes,Low,Bachelor,20.1,No,Male,18,66.1
2.3,70.6,100.0,74.0,8.5,Yes,High,Bachelor,3.5,No,Male,21,68.7
8.8,84.8,58.2,75.6,8.6,Yes,Low,High School,21.6,No,Female,15,65.7
5.4,50.2,49.3,62.3,7.7,Yes,Medium,High School,15.0,Yes,Female,20,50.2
9.1,81.0,74.6,66.4,8.0,Yes,High,Bachelor,24.0,Yes,Male,17,74.0
8.2,67.8,80.8,59.6,7.6,Yes,Medium,Bachelor,20.0,No,Male,19,70.9
4.8,89.7,66.5,86.7,6.4,Yes,Medium,Doctorate,12.4,Yes,Male,19,72.4
1.2,54.6,91.8,49.7,7.9,Yes,Medium,Bachelor,1.4,Yes,Male,21,56.6
3.4,79.4,49.9,88.8,5.3,Yes,Medium,Bachelor,9.9,No,Female,16,49.4
5.9,74.0,80.4,91.6,8.3,Yes,Low,Bachelor,14.6,Yes,Male,15,71.9
6.7,82.1,60.9,71.4,5.6,Yes,High,Master,16.2,Yes,Male,17,65.8
3.3,53.2,95.8,43.8,7.3,Yes,Medium,Master,7.5,Yes,Male,20,66.7
2.3,79.0,99.9,70.7,6.0,Yes,Medium,High School,5.6,No,Male,18,65.2
,78.1,58.5,74.2,7.7,Yes,Medium,High School,20.4,No,Male,15,67.8
9.9,78.0,61.8,62.9,7.0,Yes,Low,High School,26.1,Yes,Male,15,67.4
5.7,80.2,82.9,68.8,5.1,Yes,Low,Bachelor,13.5,Yes,Female,17,67.8
2.5,83.8,64.2,93.4,7.5,No,Medium,Bachelor,9.4,Yes,Female,21,66.0
3.5,90.2,69.3,83.0,6.3,Yes,Medium,Bachelor,11.7,No,Female,20,61.4
1.2,63.5,70.4,63.9,8.1,Yes,Medium,High School,1.2,Yes,Male,22,51.7
9.2,91.3,41.2,55.8,7.0,No,,Bachelor,23.1,No,Male,22,57.3
2.1,74.9,69.8,71.1,7.5,Yes,Low,Master,3.9,Yes,Female,21,56.1
6.2,53.9,59.7,72.4,5.9,Yes,Medium,High School,14.8,No,Female,21,60.3
3.5,52.9,62.6,81.0,6.3,Yes,Low,Bachelor,12.8,Yes,Female,16,54.6
6.0,66.7,91.7,68.6,6.4,Yes,Medium,Bachelor,14.4,No,Male,21,71.4
6.9,89.2,51.2,81.1,8.0,No,Low,Master,18.0,Yes,Male,20,62.7
8.5,85.4,82.2,98.2,9.0,Yes,High,Master,22.3,Yes,Female,16,85.9
2.9,,65.8,84.8,6.0,Yes,Low,Bachelor,5.2,No,Female,22,59.2
1.1,75.9,65.8,74.4,8.3,Yes,High,Bachelor,1.0,No,Female,16,55.6
2.2,,81.9,72.8,4.4,Yes,Medium,Master,3.1,Yes,Female,18,63.0
9.1,57.4,75.1,70.7,5.6,Yes,High,Bachelor,21.0,No,Female,18,71.3
8.9,66.4,78.6,89.2,5.8,Yes,Medium,High School,16.5,No,Female,22,75.2
6.4,71.7,84.5,67.5,5.4,Yes,High,Master,17.1,No,Female,17,77.1
6.4,54.4,65.0,75.5,5.1,Yes,Low,High School,20.1,Yes,Female,22,57.0
7.0,61.0,60.8,75.6,7.5,Yes,Medium,High School,17.8,No,Female,20,62.2
2.6,79.9,53.7,69.0,6.7,Yes,High,Master,3.7,No,Male,21,48.2
9.2,86.8,57.6,58.5,7.5,Yes,Low,Bachelor,21.7,Yes,Male,16,65.9
4.8,99.9,100.0,78.9,7.8,Yes,Low,Bachelor,11.1,No,Female,17,72.4
4.4,96.7,88.7,74.3,7.3,Yes,Medium,High School,9.0,Yes,Male,16,70.5
5.7,82.1,49.7,81.0,7.8,No,High,High School,16.0,Yes,Female,15,58.5
1.4,71.1,50.2,68.6,6.9,Yes,Medium,High School,5.1,No,Male,19,48.7
2.5,81.8,77.2,89.6,5.6,Yes,Medium,High School,3.9,No,Male,19,62.5
7.6,89.3,78.2,64.5,8.3,Yes,Low,Bachelor,20.5,Yes,Female,16,68.5
1.7,55.9,78.2,95.5,6.3,No,Low,High School,7.3,Yes,Male,17,66.8
6.4,70.5,66.2,54.0,5.9,Yes,High,Bachelor,19.8,No,Male,22,60.9
3.2,92.0,68.1,80.2,6.8,Yes,Low,High School,13.7,Yes,Male,18,59.8
4.5,69.2,74.9,80.7,5.9,Yes,Medium,Doctorate,9.4,No,Female,20,65.6
3.6,78.6,71.3,65.5,6.5,No,High,High School,14.6,No,Male,16,64.5
,79.4,36.7,80.1,7.4,Yes,Low,High School,9.8,Yes,Female,16,50.9
7.5,59.2,66.6,90.4,7.4,Yes,Medium,High School,17.6,No,Male,20,66.1
3.7,68.1,57.2,48.4,5.9,No,Low,Bachelor,9.9,No,Female,22,43.6
6.1,66.7,72.6,81.0,6.4,Yes,Medium,Bachelor,14.1,No,Male,21,64.9
5.3,51.3,100.0,45.1,8.3,Yes,Low,Bachelor,14.0,No,Male,18,62.3
7.0,51.2,75.5,63.4,7.6,Yes,Medium,Bachelor,14.9,No,Male,16,59.3
9.4,91.6,65.3,94.5,9.5,No,Medium,High School,23.0,No,Male,15,70.8
7.6,63.7,83.8,68.0,8.4,Yes,Medium,Bachelor,21.6,No,Female,18,67.9
2.9,75.9,77.2,60.9,8.4,No,Medium,Bachelor,7.1,Yes,Male,15,61.4
1.3,64.9,76.3,72.6,5.3,Yes,Low,High School,3.5,Yes,Male,19,54.6
3.4,97.0,79.1,99.8,7.9,Yes,Medium,High School,9.5,Yes,Female,20,72.4
6.4,63.0,100.0,53.0,6.9,No,Medium,High School,18.3,Yes,Male,18,73.6
1.5,71.5,53.0,62.4,6.3,Yes,Medium,High School,1.0,Yes,Male,21,53.1
5.5,93.6,77.1,93.0,7.2,Yes,Low,Bachelor,14.9,No,Female,18,71.6
6.4,92.1,56.1,97.3,8.1,Yes,Medium,High School,15.5,No,Female,17,66.0
4.0,59.3,78.3,73.8,7.6,Yes,Low,High School,10.3,No,Male,17,58.1
7.9,90.1,56.2,60.1,5.9,Yes,Medium,High School,21.9,No,Male,20,63.4
2.0,72.9,63.7,100.0,7.9,Yes,Low,Doctorate,2.6,No,Female,21,62.5
1.7,74.1,65.6,94.1,6.2,Yes,Medium,Master,2.2,No,Male,18,59.9
7.6,56.7,84.6,83.1,7.3,Yes,Low,High School,15.1,No,Female,22,68.9
5.5,54.0,83.8,65.3,6.6,Yes,High,High School,12.7,Yes,Male,19,63.0
7.2,86.4,51.3,74.4,6.7,No,High,High School,20.7,No,Female,21,61.8
4.9,74.8,70.8,73.1,7.9,Yes,Low,Bachelor,12.0,No,Male,16,57.6
3.2,71.8,59.4,79.0,5.8,Yes,Medium,High School,5.3,Yes,Female,20,61.2
8.4,,51.1,92.4,9.3,Yes,Low,Bachelor,20.0,No,Male,22,66.9
8.2,88.3,66.7,85.6,4.8,Yes,Medium,Bachelor,17.5,No,Female,21,70.7
7.3,57.9,65.4,62.1,6.3,Yes,Medium,Master,16.0,Yes,Male,20,57.5
,80.5,100.0,91.5,7.4,Yes,Medium,High School,9.3,No,Male,21,75.5
6.3,56.8,76.5,78.8,7.7,No,Medium,Master,13.4,Yes,Female,17,66.6
4.2,87.6,49.3,83.2,6.9,No,Low,Master,12.7,Yes,Female,19,57.2
1.8,82.8,61.5,92.6,6.9,Yes,Medium,High School,4.4,No,Female,20,65.3
9.3,97.8,85.3,61.7,7.5,No,Low,High School,23.4,No,Male,19,73.3
2.2,53.4,100.0,74.6,6.7,Yes,Medium,High School,4.9,No,Female,20,62.9
9.6,52.9,46.2,68.6,8.7,Yes,Medium,High School,25.5,No,Male,17,57.2
5.0,64.1,41.8,56.2,8.0,No,Medium,High School,14.1,Yes,Female,16,49.5
